bus0,bus1,voltage,s_nom,length,type,geometry,bus0_name,bus1_name,link_name
way/96722667-220,way/89817617-220,220.0,983.112,17788.34,Al/St 240/40 2-bundle 220.0,"LINESTRING (14.408781611334202 45.35480557715705, 14.408481264890062 45.36058238603781, 14.4082422 45.3637663, 14.4079525 45.3669133, 14.4091326 45.3691407, 14.4101907 45.3714726, 14.4116643 45.3715887, 14.4142677 45.37207, 14.4189723 45.3727107, 14.4230719 45.373259, 14.4271284 45.373826, 14.4301233 45.374237, 14.4357723 45.3750255, 14.4403309 45.3766664, 14.4418511 45.3775403, 14.4480528 45.3763659, 14.4509515 45.3771493, 14.4588079 45.3792966, 14.4625162 45.3803477, 14.4651937 45.3799221, 14.4681566 45.3794631, 14.4693991 45.3775676, 14.4709456 45.3751381, 14.4724394 45.3727993, 14.4760999 45.3715478, 14.4798731 45.3700212, 14.4822335 45.3690866, 14.4845938 45.3680313, 14.4866966 45.3670364, 14.4914444 45.3661597, 14.4948881 45.3656381, 14.4982033 45.3650878, 14.5023447 45.3643491, 14.5047479 45.3632862, 14.5117002 45.3601164, 14.5154017 45.3584503, 14.5180946 45.3571838, 14.5215868 45.3556119, 14.5246606 45.3542246, 14.5281797 45.3526338, 14.5305937 45.3515066, 14.5347994 45.3496066, 14.5358165 45.3491345, 14.5371222 45.3485283, 14.53893 45.3477253, 14.5436239 45.3455348, 14.5466708 45.3442831, 14.5491814 45.343069, 14.5516544 45.3419507, 14.5538327 45.3400314, 14.5560209 45.3383873, 14.558309 45.336223, 14.5605969 45.3343111, 14.5622169 45.3329233, 14.5621901 45.3318258, 14.5621578 45.3283002, 14.5621058 45.3259248, 14.5620882 45.3238984, 14.56202471405554 45.32206316401768, 14.563904567364178 45.31618459534974)",Matulji,Viskovo,Viskovo-Matulji
way/162022271-220,way/43337263-220,220.0,491.556,53026.72,Al/St 240/40 2-bundle 220.0,"LINESTRING (15.903205816155046 43.756388757532314, 15.91138867000778 43.7562446724343, 15.9116681 43.756096, 15.9153666 43.7541035, 15.9190472 43.7521568, 15.9226694 43.750207, 15.9267899 43.7494675, 15.930219 43.7488562, 15.9343662 43.748028, 15.9388873 43.7468879, 15.9433675 43.7456292, 15.9480357 43.7443969, 15.9525098 43.7432759, 15.9577248 43.7418704, 15.9627154 43.7405105, 15.96568 43.7397528, 15.9680662 43.7391474, 15.9716786 43.7381942, 15.9745446 43.7374292, 15.9797808 43.7360188, 15.9842622 43.7348486, 15.988487 43.7337155, 15.9907936 43.731718, 15.993748 43.7291323, 15.9970517 43.7263352, 15.999888 43.7239957, 16.0029912 43.7213109, 16.0061255 43.7186227, 16.0092288 43.7159633, 16.0121365 43.7134566, 16.0151547 43.7108497, 16.018284 43.7081491, 16.0217146 43.7052106, 16.0242062 43.7030764, 16.0344867 43.7016775, 16.0479297 43.6998359, 16.062551 43.6977728, 16.0674741 43.6970547, 16.0717628 43.6964977, 16.076746 43.6958189, 16.0803754 43.6953209, 16.0841976 43.694158, 16.0882409 43.6928899, 16.0952504 43.6906914, 16.1183823 43.6848295, 16.1209825 43.6826898, 16.1254071 43.6812906, 16.1334279 43.6787624, 16.1375816 43.6774833, 16.1559572 43.6717748, 16.1746028 43.6659295, 16.1772916 43.6650851, 16.1820255 43.6636056, 16.1872813 43.6619077, 16.1965663 43.6578382, 16.2004435 43.6555158, 16.2048085 43.6529744, 16.2081525 43.6511586, 16.2126182 43.6487338, 16.2158108 43.6470001, 16.2232372 43.6438644, 16.2336195 43.6409337, 16.2388025 43.6393444, 16.2510715 43.6359367, 16.2556233 43.6346481, 16.2559033 43.6345682, 16.2597588 43.6334584, 16.2632388 43.6316641, 16.2671629 43.6296397, 16.2712002 43.6275897, 16.2742496 43.6260169, 16.2786383 43.6237305, 16.2874197 43.6191998, 16.2913443 43.6171947, 16.2962714 43.614674, 16.3000796 43.6127169, 16.3046386 43.6119309, 16.3185958 43.6095025, 16.3233854 43.6086652, 16.3279473 43.6078495, 16.3324982 43.6070608, 16.3368843 43.6063527, 16.3406415 43.6065969, 16.3461876 43.6068576, 16.3493729 43.6069806, 16.3536704 43.6072648, 16.3584582 43.6074309, 16.3638044 43.6077697, 16.3674562 43.6079367, 16.3710608 43.608114, 16.3768457 43.6084256, 16.3814715 43.6087453, 16.3873392 43.6090549, 16.3923566 43.6092745, 16.3962107 43.6092683, 16.3990246 43.6092955, 16.4045292 43.6092398, 16.4095932 43.6091895, 16.4144726 43.6091384, 16.4172746 43.609109, 16.4218648 43.6091166, 16.4272071 43.6090811, 16.4321149 43.6089623, 16.4376066 43.6089687, 16.4420559 43.608967, 16.4457027 43.6089656, 16.4548809 43.6078569, 16.4605863 43.6071627, 16.4658202 43.6064978, 16.4744628 43.6055032, 16.4789616 43.6049063, 16.4817218 43.60463, 16.4868524 43.6041221, 16.4916807 43.603439, 16.493683820210315 43.602686897884794, 16.50099637767922 43.60025925825496)",Sibenik,Split,Split-Sibenik
way/737067003-220,way/43337263-220,220.0,491.556,65522.21,Al/St 240/40 2-bundle 220.0,"LINESTRING (16.100797800454718 44.06449494578801, 16.107456893724002 44.0632885564589, 16.1097595 44.0620825, 16.1138412 44.0599317, 16.1169472 44.0582659, 16.1215396 44.0558309, 16.1255924 44.0536904, 16.1296205 44.0515118, 16.1331683 44.0495832, 16.1376723 44.0473406, 16.1410962 44.0454952, 16.1467763 44.0424772, 16.1503267 44.0406368, 16.1543569 44.0385118, 16.1580562 44.0365561, 16.1603737 44.0353261, 16.1624616 44.0342019, 16.1661967 44.0322985, 16.1708036 44.0298435, 16.1746853 44.0277624, 16.1807804 44.023099, 16.1839343 44.020533, 16.1869223 44.018176, 16.1900921 44.0157383, 16.1932357 44.0132731, 16.1959825 44.0111393, 16.199051 44.0087433, 16.2023984 44.0060391, 16.2053703 44.0037201, 16.2071298 44.0023387, 16.2101393 44.0000003, 16.2129234 43.9978123, 16.2168126 43.9947673, 16.2170862 43.992363, 16.2174075 43.9887044, 16.2178372 43.983536, 16.2181591 43.9803863, 16.2184273 43.9772672, 16.2188082 43.9728933, 16.2191944 43.9693725, 16.2195377 43.9653494, 16.2198918 43.9616735, 16.22016 43.9589474, 16.220396 43.9563524, 16.2207179 43.9527146, 16.2207984 43.9504665, 16.2208091 43.9463803, 16.2208788 43.9425681, 16.2209486 43.9390453, 16.22097 43.9358584, 16.2210183 43.9320107, 16.2210666 43.927846, 16.2211095 43.9241446, 16.2211685 43.9212467, 16.2212222 43.9173208, 16.2212812 43.9137849, 16.2213294 43.9102489, 16.2213777 43.906701, 16.2213992 43.9035703, 16.2214689 43.8997244, 16.2215118 43.8961218, 16.2215762 43.8922677, 16.2216191 43.8882703, 16.2217103 43.8842339, 16.2247358 43.8808005, 16.2275093 43.8776762, 16.230567 43.874266, 16.2332384 43.8712261, 16.2381254 43.8657619, 16.2408559 43.862706, 16.2430071 43.8602886, 16.2453567 43.8575969, 16.2479691 43.8546841, 16.2507747 43.8515349, 16.2536179 43.8483278, 16.2566219 43.8449469, 16.2594367 43.8418159, 16.2596797 43.8415456, 16.2626462 43.8381794, 16.2649475 43.8356062, 16.2680321 43.8321317, 16.2710737 43.8287107, 16.2740456 43.8253902, 16.2767546 43.8223443, 16.280043 43.8199562, 16.2841253 43.8170068, 16.287183 43.8148082, 16.2901549 43.8126482, 16.2933897 43.810302, 16.2963401 43.8081732, 16.299607 43.8058035, 16.302536 43.8036897, 16.306393 43.8009218, 16.3101964 43.7981763, 16.3141822 43.7952804, 16.3181196 43.7924459, 16.3220893 43.7895493, 16.325367 43.7871793, 16.3287358 43.7847434, 16.3308548 43.7832365, 16.3343846 43.7806415, 16.3365571 43.7781399, 16.3386654 43.7756799, 16.3402774 43.7737171, 16.3425438 43.7711091, 16.3457678 43.7673481, 16.3480145 43.764687, 16.3509606 43.7612579, 16.3539004 43.7578082, 16.3565454 43.7547169, 16.3585899 43.752324, 16.3603878 43.7502144, 16.3630288 43.7475144, 16.3659209 43.7445223, 16.3686487 43.7417175, 16.371493 43.738807, 16.3741164 43.7360988, 16.3770721 43.7329549, 16.3802043 43.729734, 16.3820691 43.7278438, 16.3856107 43.724197, 16.3896601 43.719998, 16.3929657 43.7168503, 16.3986719 43.7107259, 16.4018957 43.7074386, 16.4064933 43.7059989, 16.4116056 43.7044012, 16.4166693 43.7028354, 16.4216958 43.7012376, 16.4267061 43.6997018, 16.431867 43.6981146, 16.4366788 43.6965748, 16.4412866 43.695164, 16.4462886 43.6935995, 16.4513932 43.6920029, 16.4563928 43.6904474, 16.4614729 43.6888338, 16.4664135 43.6872977, 16.4715707 43.6856953, 16.4859943 43.6812136, 16.4860208 43.6790886, 16.4861485 43.6758841, 16.4862997 43.6719574, 16.4864392 43.6694469, 16.4864845 43.6666126, 16.4865572 43.6633507, 16.4867439 43.6593226, 16.4868405 43.6559344, 16.4869917 43.652348, 16.487099 43.6488274, 16.4872428 43.6454777, 16.487378 43.6414558, 16.4875482 43.6377943, 16.4876246 43.6346528, 16.487747 43.6307483, 16.4879482 43.6267233, 16.4880635 43.6226055, 16.4881931 43.618753, 16.4891248 43.61677, 16.4900277 43.6147489, 16.4912647 43.612083, 16.4932188 43.6096378, 16.4951982 43.6071247, 16.496691759070877 43.60522323439703, 16.50099637767922 43.60025925825496)",Benkovac,Split,Split-Benkovac
way/89817617-400,way/89818719-400,400.0,1787.476,127688.34,Al/St 240/40 4-bundle 380.0,"LINESTRING (14.564190054501607 45.31636366839107, 14.566615406319215 45.32195474944265, 14.5667133 45.3220485, 14.56858 45.3222734, 14.5730286 45.3228213, 14.5761979 45.3231893, 14.5787392 45.3235082, 14.583135 45.3239956, 14.584629 45.3242287, 14.5866775 45.324461, 14.5906672 45.3249746, 14.5928491 45.3252068, 14.5962405 45.3256288, 14.5993761 45.3260245, 14.6014835 45.3262764, 14.6048889 45.3266885, 14.6084384 45.3253213, 14.610304 45.3246311, 14.6127975 45.3236924, 14.6164169 45.3223251, 14.618301 45.3216382, 14.6208643 45.3206503, 14.6235393 45.3196494, 14.6266842 45.3184554, 14.6292243 45.3175067, 14.6312712 45.316702, 14.6394263 45.3135466, 14.6429721 45.312288, 14.6481732 45.3094468, 14.6508412 45.3080838, 14.654951 45.3058661, 14.6570573 45.304759, 14.6637515 45.3009077, 14.6663005 45.2991478, 14.668485 45.2977134, 14.6715847 45.295568, 14.6770143 45.2918805, 14.681311 45.2917773, 14.6847073 45.2916958, 14.6864615 45.2916101, 14.6909783 45.291512, 14.6929953 45.2914365, 14.6956132 45.2913686, 14.6991215 45.2912629, 14.7022758 45.2914591, 14.7065459 45.2917309, 14.7102151 45.2919271, 14.7136376 45.2921384, 14.7172704 45.2923849, 14.7202573 45.2925385, 14.7230575 45.2939498, 14.7251668 45.2950038, 14.7277954 45.2962642, 14.7323766 45.2985509, 14.7330847 45.3034788, 14.7337606 45.3083383, 14.7351339 45.3101869, 14.7370437 45.31279, 14.7393503 45.3158531, 14.7407279 45.3177569, 14.7440174 45.3220996, 14.7455731 45.324242, 14.7480166 45.3273958, 14.752579 45.3296201, 14.7557479 45.3311285, 14.7579151 45.332158, 14.7662836 45.3362269, 14.769422 45.337806, 14.7760223 45.3355194, 14.7788001 45.3345874, 14.7817934 45.3335736, 14.7859484 45.3321858, 14.7903859 45.328349, 14.7949993 45.3277908, 14.8031226 45.3230575, 14.8113896 45.3181899, 14.814538 45.316336, 14.8285714 45.3161549, 14.8320368 45.3161172, 14.8358498 45.3160821, 14.8400984 45.3160066, 14.8432484 45.3182069, 14.8452268 45.3196128, 14.846911 45.3208572, 14.8499861 45.322952, 14.8497154 45.3248733, 14.8492943 45.3274542, 14.8488746 45.3296152, 14.848588 45.3313209, 14.8480774 45.3346321, 14.8475726 45.3375321, 14.8472116 45.3395103, 14.8508832 45.3424091, 14.8530189 45.3440952, 14.857543 45.3476667, 14.8596781 45.3492991, 14.8629286 45.351819, 14.8644838 45.3530287, 14.8681371 45.355901, 14.8727142 45.3594993, 14.8819967 45.3667637, 14.885105 45.3692001, 14.8891977 45.3727159, 14.8915032 45.374678, 14.893679 45.3765597, 14.8975054 45.3798688, 14.8994572 45.381554, 14.9018122 45.3835896, 14.9043717 45.3857964, 14.9059525 45.3871629, 14.9141628 45.3868211, 14.9190259 45.3866137, 14.9221263 45.3864894, 14.9237989 45.3863702, 14.9280808 45.3861955, 14.9331598 45.3859595, 14.9417571 45.3855467, 14.9438983 45.3854439, 14.949119 45.3849724, 14.95885 45.3840305, 14.9634205 45.3835595, 14.9685271 45.3843588, 14.9705176 45.3840154, 14.9712701 45.3839169, 14.971648 45.3838675, 14.974203 45.3835331, 14.9867235 45.3820449, 14.991898 45.3814608, 15.0107668 45.3794266, 15.01339 45.3797317, 15.0169362 45.3801921, 15.02036 45.3806156, 15.0238911 45.3810609, 15.0292484 45.3817555, 15.0337817 45.3822961, 15.0371399 45.3827482, 15.0411863 45.3832365, 15.0443083 45.3848416, 15.0476756 45.3866214, 15.0486707 45.3871572, 15.0518598 45.3888743, 15.0542416 45.3901477, 15.0596291 45.3903119, 15.0646164 45.3905094, 15.077042 45.3908544, 15.0809795 45.390975, 15.0840384 45.3911027, 15.0885156 45.3912435, 15.0919611 45.3906696, 15.0942491 45.3902715, 15.0964537 45.3898978, 15.098513 45.3895494, 15.1032946 45.3887304, 15.1060206 45.3883201, 15.1065229 45.3882761, 15.111149 45.3878707, 15.1226396 45.3869364, 15.1272744 45.3865671, 15.1310188 45.3862507, 15.1363188 45.3858136, 15.1415545 45.3853464, 15.150159 45.3846833, 15.1543218 45.384284, 15.1568324 45.3840602, 15.1591749 45.3839107, 15.1707799 45.3871624, 15.1755327 45.3885262, 15.191796 45.393169, 15.197139 45.3947361, 15.2038139 45.3966557, 15.2152705 45.3998964, 15.2261495 45.4022091, 15.2499998 45.4071644, 15.2539506 45.4083321, 15.2578977 45.4087942, 15.2726716 45.411932, 15.2754826 45.4136794, 15.2813115 45.417301, 15.2847933 45.4195094, 15.2882821 45.4216526, 15.2913211 45.423563, 15.2949444 45.4258406, 15.2988628 45.4283262, 15.302262 45.430447, 15.305661 45.4325907, 15.3102052 45.433899, 15.3146424 45.4351955, 15.3178903 45.4360143, 15.3221075 45.4372289, 15.3261299 45.4384065, 15.3305217 45.4396437, 15.3334667 45.4404917, 15.337071 45.4415235, 15.3419648 45.4429313, 15.3453837 45.4439022, 15.3486063 45.4465425, 15.3514806 45.4489127, 15.3542307 45.4511565, 15.3576206 45.4539342, 15.3596474 45.4555769, 15.3632506 45.4585328, 15.3667154 45.4613615, 15.3694691 45.4635339, 15.3718783 45.4656553, 15.375537 45.4686212, 15.3756066 45.4686776, 15.3783187 45.4708743, 15.3816119 45.4735787, 15.3848204 45.476202, 15.3879676 45.4787643, 15.3909097 45.4811836, 15.3933191 45.4831317, 15.396105 45.4854016, 15.3991594 45.4879032, 15.4010073 45.4894264, 15.4010667 45.491078, 15.4011264 45.4934579, 15.4012206 45.4965631, 15.4013363 45.5003763, 15.4014362 45.50367, 15.4015249 45.5065938, 15.4016142 45.5092479, 15.4017288 45.5126538, 15.401834 45.5161065, 15.4019287 45.5192124, 15.4020291 45.5219001, 15.4061974 45.523565, 15.4085311 45.5245458, 15.4127085 45.5261762, 15.4177577 45.5281468, 15.424549 45.5307398, 15.4299349 45.532987, 15.4344303 45.5347757, 15.4381087 45.5362276, 15.4428079 45.5380838, 15.4441387 45.5404682, 15.4477861 45.5470032, 15.4509741 45.5525841, 15.4521862 45.5547824, 15.4537848 45.5577273, 15.4557621 45.56105, 15.4570464 45.5633687, 15.4582265 45.5652766, 15.4601041 45.5665159, 15.4644922 45.5693475, 15.4662839 45.5704516, 15.4694596 45.5724193, 15.4732029 45.572957, 15.477355 45.5735804, 15.4789536 45.574782, 15.4817498 45.5767933, 15.4856663 45.5797295, 15.4887264 45.5819892, 15.4923753 45.5848669, 15.4958847 45.5874078, 15.4987912 45.5895968, 15.5032769 45.5911092, 15.5083399 45.5928551, 15.51348 45.5946453, 15.5180173 45.5961129, 15.5205342 45.5969595, 15.5234675 45.5989506, 15.527008 45.6012476, 15.5302696 45.6034244, 15.5340867 45.6058792, 15.5374731 45.6080637, 15.5410752 45.6104368, 15.5432029 45.6118665, 15.5471108 45.6144324, 15.5507429 45.6168304, 15.5538895 45.6188678, 15.5576355 45.621362, 15.5614714 45.623898, 15.5646661 45.6259949, 15.5698025 45.6252729, 15.5748252 45.62464, 15.5792724 45.624007, 15.584343 45.6232902, 15.589356 45.6225747, 15.5944452 45.6218942, 15.5994862 45.6212024, 15.6046624 45.6204635, 15.6098645 45.6202657, 15.6152536 45.6200468, 15.6204089 45.6198536, 15.6246063 45.6196584, 15.6281693 45.619517, 15.6315525 45.6201939, 15.6362361 45.6211108, 15.6416172 45.6221973, 15.6467343 45.6232056, 15.6515266 45.6241429, 15.6555777 45.6249666, 15.6586236 45.627544, 15.6613649 45.6298303, 15.6644718 45.6327199, 15.6677512 45.6352189, 15.6705844 45.6375715, 15.6737235 45.6402786, 15.6772903 45.6414786, 15.6810593 45.6428569, 15.6845366 45.645329, 15.6880733 45.6479845, 15.6916446 45.6505901, 15.6956463 45.6535893, 15.7005785 45.6539318, 15.7056934 45.654282, 15.7107712 45.6546392, 15.7159432 45.6550486, 15.7212523 45.6553182, 15.7261648 45.6558587, 15.7313632 45.6562357, 15.7362791 45.6565596, 15.7414194 45.656906, 15.746565 45.6573298, 15.7516978 45.6577111, 15.7565568 45.658084, 15.7610291 45.6598868, 15.7659581 45.6618709, 15.7706202 45.6638021, 15.775467 45.6657588, 15.7801582 45.6676537, 15.7850966 45.6696695, 15.789769 45.6700395, 15.7945189 45.6703831, 15.8000213 45.6708182, 15.8042657 45.6711245, 15.8094886 45.6715508, 15.8136187 45.6718571, 15.8193943 45.6723144, 15.8242472 45.6726925, 15.82976 45.6731341, 15.8345127 45.673476, 15.8392585 45.6738575, 15.8427925 45.6737659, 15.8479436 45.6736672, 15.8518948 45.6735875, 15.8550527 45.6734806, 15.85928 45.6759851, 15.86262475191258 45.67792608979252, 15.869401606746242 45.68142826573554)",Rijeka,Zagreb,Zagreb-Rijeka
way/89817617-220,way/173272584-220,220.0,491.556,55156.66,Al/St 240/40 2-bundle 220.0,"LINESTRING (14.563904567364178 45.31618459534974, 14.568773327791304 45.31171273163317, 14.5717185 45.3101962, 14.5752429 45.3084155, 14.576745 45.3076233, 14.577968 45.3055406, 14.5791686 45.3035613, 14.5805108 45.3012582, 14.5823282 45.2981731, 14.5839426 45.295363, 14.5824302 45.2940826, 14.5806867 45.292475, 14.5809723 45.2908338, 14.58251 45.2895279, 14.584643 45.287483, 14.5866949 45.286195, 14.5882162 45.2838768, 14.5897526 45.282583, 14.5912772 45.2808187, 14.5930957 45.278788, 14.5949132 45.2767322, 14.5975323 45.2735073, 14.5993025 45.2714649, 14.6018442 45.2685062, 14.6043122 45.2655762, 14.6080771 45.2611591, 14.6097287 45.2591908, 14.6111361 45.257573, 14.6127795 45.2564731, 14.6149858 45.255046, 14.6192014 45.2523192, 14.6219056 45.2506105, 14.6259277 45.2479935, 14.6287592 45.2461732, 14.6316257 45.2443113, 14.6347282 45.2422822, 14.6381484 45.2400552, 14.6422886 45.2373938, 14.645587 45.2352075, 14.6486112 45.233298, 14.6491442 45.2329552, 14.6522907 45.2304376, 14.655166 45.2281481, 14.6593664 45.2260437, 14.6632609 45.2240601, 14.6672936 45.2220249, 14.671329 45.2200209, 14.6749876 45.2181467, 14.6789197 45.2161968, 14.6830664 45.2141033, 14.6856309 45.2112878, 14.6880476 45.2087126, 14.690483 45.2060594, 14.6998037 45.1961009, 14.7018728 45.193886, 14.7070328 45.1921524, 14.7179349 45.1843058, 14.7236446 45.1801278, 14.7307484 45.1751948, 14.7516235 45.1602309, 14.7542688 45.1582335, 14.757482 45.1558692, 14.7599443 45.1540383, 14.7633507 45.1515452, 14.766505 45.1492072, 14.7698945 45.1467107, 14.7732942 45.144147, 14.7765672 45.1417463, 14.7808751 45.1404289, 14.7846691 45.1392845, 14.7881233 45.1382271, 14.7919857 45.1370236, 14.7957295 45.13587, 14.7991418 45.1348363, 14.8067749 45.1325133, 14.8105791 45.1314265, 14.845646 45.1256398, 14.8480171 45.12567, 14.8506885 45.124773, 14.8632064 45.1017236, 14.8662507 45.0952579, 14.8708879 45.0924429, 14.8743319 45.0888299, 14.8759198 45.0871521, 14.8842078 45.0783001, 14.8862012 45.0765739, 14.8883523 45.0746912, 14.894765 45.0689998, 14.8975115 45.0656543, 14.9022515 45.0600211, 14.908018 45.0529045, 14.9087154 45.0502668, 14.9091942 45.0485466, 14.9097191 45.0465882, 14.9100141 45.0455005, 14.9129382 45.0347406, 14.9137102 45.0318996, 14.9142949 45.0297803, 14.9161454 45.0229313, 14.9028185 45.0027818, 14.9113979 44.9929749, 14.9118844 44.9923815, 14.9219068 44.9796517, 14.9228862 44.9784347, 14.9334811 44.9652666, 14.931178427982337 44.94472408746401, 14.925104123459262 44.942709369849865)",Viskovo,Crikvenica,Viskovo-Crikvenica
way/173272584-220,way/273326173-220,220.0,491.556,16590.52,Al/St 240/40 2-bundle 220.0,"LINESTRING (14.925104123459262 44.942709369849865, 14.93168176012661 44.942910559436854, 14.9329626 44.9430454, 14.9358433 44.9459577, 14.93794 44.9480561, 14.9395501 44.9496516, 14.9411541 44.9513411, 14.9435627 44.9537404, 14.9453061 44.9555284, 14.946776 44.9570772, 14.9483845 44.9585605, 14.9505732 44.9607849, 14.9527243 44.9629181, 14.9541306 44.96435, 14.957268 44.9652714, 14.9591616 44.9657693, 14.9617698 44.966525, 14.9667308 44.967932, 14.9688023 44.9685212, 14.972696 44.9696427, 14.9736348 44.9699131, 14.9762803 44.9707072, 14.9783126 44.9711997, 14.9823528 44.9723429, 14.9859684 44.9733866, 14.9885197 44.974173, 14.9905953 44.9747404, 14.9934679 44.9735991, 14.9961458 44.972549, 14.9987959 44.9715484, 15.0009147 44.9707273, 15.0022096 44.9702255, 15.0046482 44.9693022, 15.0074687 44.9681631, 15.0109295 44.9669131, 15.0438459 44.973807, 15.0485666 44.9748165, 15.0569888 44.9766001, 15.0643267 44.9780887, 15.0721808 44.9797572, 15.0779207 44.9809487, 15.0830304 44.9820311, 15.0862892 44.9827017, 15.0887354 44.9832253, 15.0913173 44.9837916, 15.094464 44.9857079, 15.0980475 44.9878326, 15.100241248723936 44.98915309734984, 15.105276725972995 44.99301484758882)",Crikvenica,Ogulin,Ogulin-Crikvenica
way/273326173-220,way/737067003-220,220.0,491.556,144603.92,Al/St 240/40 2-bundle 220.0,"LINESTRING (15.105276725972995 44.99301484758882, 15.102531411364424 44.988239394557326, 15.1009712 44.9859934, 15.0986182 44.9826784, 15.0977169 44.9795845, 15.0966036 44.9757779, 15.0959585 44.9737652, 15.0952693 44.971621, 15.1145582 44.9595877, 15.116469 44.958401, 15.1200635 44.9561591, 15.1271598 44.9518105, 15.1295262 44.9482701, 15.1318405 44.944774, 15.1341619 44.941267, 15.1360347 44.9384462, 15.1378704 44.935671, 15.1401994 44.9321497, 15.1417464 44.9298106, 15.1433357 44.9274075, 15.1449607 44.9249091, 15.1473913 44.9213117, 15.1504575 44.9181081, 15.1536297 44.9148168, 15.1568019 44.9115316, 15.1598504 44.9083338, 15.1629342 44.9051171, 15.165965 44.9019251, 15.1688721 44.8988895, 15.171735 44.8958851, 15.1749602 44.8925049, 15.1777259 44.8896253, 15.1795727 44.8876345, 15.1819496 44.8852055, 15.186297 44.8823568, 15.1888949 44.88061, 15.193039 44.8779051, 15.1962024 44.8757824, 15.1998605 44.8733717, 15.2062226 44.8691885, 15.2086349 44.8675791, 15.2112769 44.865813, 15.2139454 44.8640657, 15.2178598 44.8614728, 15.2213522 44.8591812, 15.2293196 44.8551863, 15.2339657 44.8534273, 15.2387234 44.8516078, 15.2436914 44.849727, 15.2510353 44.8469164, 15.2548869 44.8443225, 15.2589021 44.8416979, 15.2651088 44.8375328, 15.2685501 44.8351781, 15.2723749 44.8326331, 15.2766235 44.8297836, 15.2802928 44.8273259, 15.2837904 44.8249822, 15.2875026 44.822509, 15.2912094 44.8200129, 15.2939023 44.8182131, 15.2993794 44.8145373, 15.3019165 44.8128476, 15.3052746 44.8104539, 15.308681 44.808041, 15.3123771 44.805411, 15.3160571 44.8028114, 15.3191041 44.800657, 15.3228791 44.7978841, 15.3261261 44.7956438, 15.3286635 44.7938508, 15.3313098 44.7918786, 15.3342428 44.7897885, 15.3367909 44.7879763, 15.3391861 44.7862896, 15.3424611 44.7839633, 15.3441884 44.7827068, 15.3451052 44.7808472, 15.3459587 44.7788725, 15.3469935 44.7765976, 15.3481844 44.7738177, 15.3493919 44.7710583, 15.3573769 44.7525887, 15.3589781 44.7462835, 15.3598096 44.7431935, 15.3603568 44.7410636, 15.361081 44.7384039, 15.3617515 44.7358737, 15.3631463 44.7295782, 15.3640046 44.7256793, 15.3647556 44.722169, 15.3659894 44.7200383, 15.3736928 44.7073439, 15.3756829 44.7039926, 15.3769114 44.7019603, 15.3782525 44.6996611, 15.3799203 44.6968798, 15.3828981 44.6919392, 15.3850885 44.6883417, 15.3852954 44.6880019, 15.3868887 44.6841346, 15.3885463 44.6802632, 15.3916523 44.6729545, 15.3931382 44.6693761, 15.3947481 44.6654939, 15.3963198 44.6618464, 15.3978686 44.6581939, 15.3994258 44.6544651, 15.4007689 44.6512636, 15.4031983 44.6487917, 15.4056576 44.6462774, 15.4108416 44.6409409, 15.4131275 44.6385876, 15.4203738 44.6311269, 15.4218168 44.6279148, 15.4232921 44.6244955, 15.4247619 44.6211737, 15.4261888 44.6178518, 15.4275514 44.6146977, 15.42915 44.6109858, 15.4322989 44.6037274, 15.4309632 44.6004681, 15.4294075 44.5967324, 15.4278464 44.5929199, 15.4262532 44.5890691, 15.4247995 44.585587, 15.4234208 44.5821312, 15.4220904 44.5788758, 15.4238529 44.5758218, 15.4253305 44.5716993, 15.4282863 44.5682599, 15.4322184 44.5615372, 15.43445 44.5577342, 15.4364987 44.5542481, 15.4387303 44.5503718, 15.4406937 44.5469923, 15.4427322 44.5435744, 15.4464875 44.5370169, 15.4470775 44.5333539, 15.4476571 44.5296095, 15.4481987 44.5258928, 15.4487834 44.5218999, 15.4493845 44.5180056, 15.4499906 44.5138823, 15.4505217 44.510363, 15.4511225 44.5064226, 15.4536438 44.497902, 15.4578171 44.4910452, 15.4595659 44.4881598, 15.4614812 44.4849485, 15.4633907 44.4817952, 15.4655526 44.4782204, 15.4677737 44.474576, 15.4697263 44.471395, 15.4908463 44.4559887, 15.493684 44.4539402, 15.4967471 44.4516924, 15.5037262 44.4466144, 15.5072053 44.4440439, 15.5111714 44.4415937, 15.5152976 44.4390097, 15.5195509 44.4363348, 15.5269699 44.4317114, 15.534743 44.4268156, 15.542652 44.4218432, 15.5458634 44.419839, 15.554561 44.414364, 15.5651485 44.4077879, 15.5726694 44.4030588, 15.5769341 44.4003759, 15.5809164 44.3978735, 15.5933779 44.3900501, 15.5979251 44.3883553, 15.6029301 44.3864386, 15.6070446 44.3848591, 15.6110035 44.3833908, 15.6152575 44.3817614, 15.6197655 44.380094, 15.6243126 44.3783452, 15.6292264 44.3764972, 15.6385568 44.3729562, 15.6417854 44.3717501, 15.6466848 44.3698869, 15.6514746 44.3680769, 15.6559485 44.3663972, 15.6611394 44.3643988, 15.6654225 44.3627418, 15.6698244 44.3611183, 15.6747839 44.3591886, 15.6797778 44.3573351, 15.6847322 44.3554435, 15.6875612 44.3543773, 15.6918559 44.3527145, 15.6967318 44.3508224, 15.7036184 44.3482044, 15.7075812 44.3467149, 15.7117274 44.3451488, 15.7170484 44.3431013, 15.7210121 44.3416452, 15.7236812 44.340601, 15.7293559 44.3384677, 15.7342236 44.3388631, 15.7394299 44.3392842, 15.7445354 44.3396996, 15.7466482 44.3398675, 15.7512214 44.340228, 15.7576173 44.3407652, 15.8043783 44.3153522, 15.8235074 44.3048901, 15.8266183 44.304858, 15.8312023 44.3048671, 15.8370109 44.3048488, 15.8467386 44.3048237, 15.8521602 44.3048429, 15.8557654 44.3047946, 15.8599718 44.3033016, 15.8685409 44.3001994, 15.8723898 44.2988193, 15.8769115 44.2972111, 15.8840241 44.2946307, 15.8895527 44.2926584, 15.8927093 44.2908495, 15.8957139 44.2891429, 15.9001229 44.2866063, 15.9031984 44.2848695, 15.9057277 44.2834366, 15.908882 44.2816248, 15.915851 44.277666, 15.9179441 44.2773692, 15.921292 44.2769166, 15.9250843 44.2764163, 15.9279238 44.276041, 15.9347538 44.2751735, 15.9390713 44.2746088, 15.9431937 44.2740849, 15.9548128 44.2734794, 15.9616753 44.273101, 15.9721206 44.2725748, 15.9752263 44.2724425, 15.9868604 44.2712953, 15.9960103 44.2697962, 16.0009348 44.2690191, 16.0043551 44.2684396, 16.0088331 44.2677296, 16.0114304 44.2673087, 16.0162132 44.266516, 16.0189035 44.2660769, 16.0214094 44.2656669, 16.0241452 44.2652367, 16.0287948 44.2646369, 16.0326953 44.2640108, 16.0366327 44.2633538, 16.0411383 44.26267, 16.0428335 44.2612025, 16.0446472 44.2596042, 16.046632 44.2579138, 16.0501935 44.2548093, 16.0521354 44.2531187, 16.0542119 44.2513124, 16.0561995 44.2495322, 16.0582566 44.2477531, 16.0611279 44.2452693, 16.0627843 44.2438883, 16.0648442 44.2420821, 16.0675264 44.2397762, 16.070273 44.2373857, 16.0700311 44.2348417, 16.0678976 44.2128048, 16.0651401 44.1863558, 16.0650963 44.1859353, 16.0649563 44.183739, 16.0656591 44.1814001, 16.0663945 44.1787684, 16.0673601 44.1754905, 16.0683794 44.1721509, 16.0688938 44.1704235, 16.0695054 44.168465, 16.0704441 44.1651095, 16.0714532 44.1618615, 16.072113 44.1595255, 16.0730405 44.1564622, 16.0738511 44.1538257, 16.0746826 44.1509505, 16.0756482 44.1477173, 16.0767693 44.1441104, 16.0772038 44.1425552, 16.0776652 44.1410577, 16.0787005 44.1374428, 16.0794403 44.1351215, 16.0801274 44.1326071, 16.0809911 44.1297002, 16.0819192 44.126589, 16.0829277 44.1232928, 16.0834475 44.1198502, 16.0838772 44.1167807, 16.0844023 44.1129796, 16.0849636 44.1092252, 16.0853995 44.1054921, 16.0859362 44.1023096, 16.0864777 44.0983825, 16.0873869 44.0921362, 16.0878604 44.0888666, 16.0887609 44.0824665, 16.089259 44.0788433, 16.0897843 44.075249, 16.0902063 44.0723714, 16.0938562 44.0704266, 16.097150367497356 44.068698398717125, 16.100797800454718 44.06449494578801)",Ogulin,Benkovac,Ogulin-Benkovac
way/163860997-400,way/43337263-400,400.0,1787.476,100396.34,Al/St 240/40 4-bundle 380.0,"LINESTRING (15.754697507990151 44.207396025652955, 15.761661349028957 44.2067467413795, 15.7617657 44.2067305, 15.7647383 44.2063945, 15.7670113 44.2068073, 15.7693479 44.2071864, 15.7727658 44.2078223, 15.775484 44.208067, 15.7788765 44.2086134, 15.7815087 44.2091666, 15.784709 44.209584, 15.7876691 44.2099674, 15.7906182 44.2103425, 15.7934075 44.2107798, 15.7973831 44.2113362, 15.7993251 44.2115666, 15.8031745 44.212197, 15.811617 44.2135007, 15.8140385 44.2137536, 15.8197574 44.2147263, 15.8367069 44.2039321, 15.8446734 44.2045426, 15.8508693 44.2051693, 15.8569659 44.2029375, 15.868226 44.1987529, 15.8763928 44.1918843, 15.8765033 44.1905267, 15.8766225 44.189063, 15.8870742 44.1757065, 15.8885041 44.1601462, 15.8892349 44.1513851, 15.8865848 44.1455675, 15.884166 44.140572, 15.887783 44.1347411, 15.8898344 44.1316124, 15.8916024 44.1286772, 15.9009013 44.113815, 15.9048243 44.1076261, 15.9096447 44.0993286, 15.9108271 44.0968372, 15.9133495 44.0918293, 15.915789 44.0867564, 15.9201842 44.0778506, 15.9231529 44.0719562, 15.924629 44.0687437, 15.9260345 44.0660032, 15.9274507 44.0630659, 15.9288883 44.0601517, 15.9310556 44.0582011, 15.933829 44.0556991, 15.9363771 44.0533821, 15.9391129 44.0508992, 15.9417683 44.0485202, 15.9446544 44.0459137, 15.9474868 44.0433457, 15.9501314 44.0409356, 15.9524381 44.0388147, 15.9668738 44.0271405, 15.975084 44.0204465, 15.9774717 44.018496, 15.9779115 44.0174583, 15.9790059 44.0138281, 15.9798159 44.0114747, 15.9804275 44.0096691, 15.9827395 44.0067522, 15.9848209 44.0041207, 15.9890965 43.998762, 15.9910436 43.9963315, 15.993245 43.993542, 15.9992708 43.9861609, 16.0013696 43.983593, 16.0035293 43.9808239, 16.0057206 43.9781115, 16.0076533 43.9757014, 16.0077801 43.9700492, 16.0095571 43.9680822, 16.0117186 43.9656389, 16.0138316 43.9632404, 16.0161455 43.9606349, 16.0184303 43.9580451, 16.0256612 43.9499068, 16.0272234 43.947393, 16.0290662 43.94448, 16.0308744 43.9416367, 16.0326998 43.9387608, 16.0344076 43.936037, 16.0363313 43.9331602, 16.0381256 43.9301542, 16.0398056 43.9275048, 16.041558 43.9247764, 16.0433552 43.9219048, 16.0453159 43.9188515, 16.0471453 43.9159186, 16.0487927 43.9133346, 16.0508811 43.9107723, 16.0532424 43.9078346, 16.0556333 43.9049111, 16.0579601 43.9020465, 16.0602903 43.8991556, 16.0626139 43.8963099, 16.0650399 43.8933129, 16.0672732 43.8905184, 16.06959 43.8877275, 16.0716564 43.8851478, 16.0735321 43.8826171, 16.0754698 43.8800137, 16.077481 43.8773419, 16.0794472 43.8747073, 16.0815035 43.8719807, 16.0832956 43.8695731, 16.0854935 43.8666138, 16.0876482 43.8637851, 16.089717 43.8609623, 16.091835 43.8581363, 16.0932163 43.8562815, 16.0936075 43.8557562, 16.0978601 43.8521204, 16.0992927 43.8489046, 16.1006778 43.8458195, 16.102027 43.8427081, 16.1033593 43.8397103, 16.1047131 43.8366625, 16.1060756 43.8335928, 16.107376 43.8306536, 16.1098538 43.8250943, 16.1115659 43.822215, 16.1133371 43.8192287, 16.1151327 43.8162375, 16.1168555 43.8133285, 16.1186774 43.8102675, 16.1222743 43.8042266, 16.1241216 43.8011196, 16.1296476 43.7918603, 16.1312634 43.7890983, 16.1332782 43.7857257, 16.1349328 43.7829736, 16.1367685 43.7798819, 16.1449417 43.7727392, 16.1582715 43.7609914, 16.1621047 43.7557016, 16.1634822 43.7527116, 16.1650062 43.7494187, 16.166456 43.7462814, 16.1677641 43.7434705, 16.1690269 43.7407127, 16.1705093 43.7375508, 16.1715728 43.7352492, 16.1864676 43.7305053, 16.1941698 43.7282339, 16.2014468 43.7261357, 16.2098676 43.7232722, 16.2140405 43.7217701, 16.2180241 43.7204326, 16.2220926 43.7190402, 16.2262731 43.7175519, 16.2293679 43.7165031, 16.2337732 43.716355, 16.2383237 43.7162739, 16.2427852 43.7159327, 16.2592424 43.7152253, 16.2883744 43.6984783, 16.2990199 43.6923796, 16.3030983 43.6856455, 16.3063355 43.6801483, 16.3097971 43.6742423, 16.3133077 43.6682544, 16.3213868 43.66753, 16.3255603 43.6671536, 16.3296802 43.6667927, 16.3340951 43.666362, 16.3377 43.6660477, 16.3405968 43.6658304, 16.3435794 43.665551, 16.3474847 43.6651823, 16.3514168 43.6648214, 16.3560785 43.6643907, 16.3605202 43.6639987, 16.3646025 43.6636223, 16.3692696 43.6631877, 16.3738293 43.6627957, 16.3780994 43.6624115, 16.3806851 43.6621748, 16.38429 43.6618061, 16.386955 43.6596408, 16.3888765 43.6579252, 16.3911822 43.6557947, 16.3941658 43.6531203, 16.3982106 43.6496659, 16.4009733 43.6471079, 16.4040192 43.6445073, 16.407034 43.6417938, 16.4094437 43.6397205, 16.4130379 43.6366147, 16.4137397 43.6359885, 16.4149261 43.6349297, 16.4163048 43.6338076, 16.4179731 43.6323012, 16.4199687 43.6305423, 16.422859 43.6279332, 16.4250327 43.6259798, 16.4333905 43.6244965, 16.4373655 43.6236849, 16.4417161 43.6228461, 16.4459915 43.622085, 16.4505834 43.6211336, 16.455111 43.6202986, 16.4586569 43.6196967, 16.4627714 43.6188773, 16.4667142 43.6181006, 16.471333 43.6174287, 16.4740849 43.6167995, 16.4761342 43.6164345, 16.4797386 43.6157302, 16.4816005 43.6153664, 16.488574 43.6141003, 16.492088 43.6133624, 16.4940836 43.6106048, 16.4959394 43.6081695, 16.497638624882825 43.60580078879112, 16.50127907148467 43.60043328704915)",Knin,KastelStari,Knin-KastelStari
way/162022271-220,way/59683455-220,220.0,491.556,74987.2,Al/St 240/40 2-bundle 220.0,"LINESTRING (15.903205816155046 43.756388757532314, 15.911320714004134 43.75554155434423, 15.914405 43.7536817, 15.918168 43.7513927, 15.9219048 43.749169, 15.9256912 43.7468228, 15.9293098 43.7446009, 15.9360751 43.7405073, 15.939375 43.7385456, 15.9443587 43.7374704, 15.9491956 43.7364743, 15.9535159 43.7355572, 15.9625071 43.7338483, 15.9671293 43.7328233, 15.9731387 43.7314225, 15.9898494 43.726431, 15.9978984 43.7219827, 16.0013093 43.7194446, 16.0047591 43.7168774, 16.0077894 43.7146076, 16.0110447 43.7121622, 16.0143192 43.7097209, 16.01785 43.7071176, 16.021049 43.7046922, 16.0237088 43.7026618, 16.0337896 43.701252, 16.0471554 43.6992543, 16.0620176 43.6970707, 16.0671965 43.6963052, 16.0716186 43.6957108, 16.076442 43.6950085, 16.0807929 43.694333, 16.0837971 43.6934544, 16.088226 43.6920536, 16.0906517 43.6912934, 16.0960775 43.689631, 16.1175502 43.6842278, 16.119962 43.6823122, 16.1247891 43.6808696, 16.1379086 43.6767848, 16.1477074 43.6737337, 16.1527717 43.6721911, 16.1600227 43.6699274, 16.167459 43.6676548, 16.1718027 43.6662308, 16.1812105 43.663335, 16.1864947 43.6616686, 16.1941031 43.6584195, 16.2016387 43.6541571, 16.2055054 43.6519149, 16.2098966 43.6494369, 16.2138015 43.6471843, 16.2171303 43.6452543, 16.2392698 43.6377343, 16.243893 43.6362706, 16.246578 43.6353757, 16.2481589 43.6348488, 16.2532842 43.6330473, 16.256885 43.6318906, 16.2614947 43.6303343, 16.2661884 43.6287621, 16.2688626 43.6263391, 16.2719977 43.6234975, 16.2774508 43.6187428, 16.2806501 43.6158354, 16.2813981 43.6138773, 16.2815036 43.6138349, 16.2839841 43.6128381, 16.2857415 43.6112427, 16.2872353 43.6099552, 16.2906049 43.6069476, 16.2938083 43.6040702, 16.2968595 43.6013474, 16.3000253 43.5985303, 16.3035938 43.5962584, 16.3066933 43.5942928, 16.3131629 43.590194, 16.3165395 43.5880461, 16.3218459 43.5847724, 16.3271727 43.5813373, 16.346964 43.5757771, 16.3737825 43.568219, 16.3930948 43.562788, 16.3939804 43.5625261, 16.3940331 43.5625215, 16.3977422 43.5621965, 16.3990639 43.5620711, 16.4011098 43.5618769, 16.4014454 43.561845, 16.4156306 43.5605404, 16.4188648 43.5608343, 16.4217176 43.5610935, 16.4264973 43.5603977, 16.4314487 43.5603277, 16.4368346 43.5602189, 16.4388689 43.5600268, 16.443009 43.5596358, 16.4480355 43.5591537, 16.4513078 43.5587689, 16.4552667 43.5584073, 16.4578707 43.5581551, 16.4607969 43.5578716, 16.4645525 43.5575288, 16.469638 43.5570351, 16.4734065 43.5566807, 16.4777817 43.5562928, 16.4828019 43.5557883, 16.4858708 43.5554874, 16.4887976 43.5553036, 16.4890309 43.5552889, 16.4924587 43.5551133, 16.4964992 43.5548784, 16.5009298 43.5546196, 16.5032479 43.5544799, 16.5070594 43.5524849, 16.5124246 43.54966, 16.5147361 43.5484321, 16.5193924 43.5459903, 16.5225695 43.5443429, 16.5245379 43.540556, 16.5257868 43.5373967, 16.527445 43.5367428, 16.53113 43.5353117, 16.5348905 43.5337872, 16.5387526 43.5322555, 16.542438 43.5308048, 16.5427693 43.5306749, 16.5459195 43.5294397, 16.549566 43.5280235, 16.554461 43.5261062, 16.557229 43.5258157, 16.5575851 43.5257821, 16.5616026 43.5254029, 16.5669066 43.524861, 16.5698676 43.5226784, 16.5737179 43.5199607, 16.5771299 43.5174472, 16.580579 43.5149892, 16.5834436 43.5129234, 16.586861 43.5104796, 16.5899017 43.5082645, 16.5940613 43.505283, 16.5968042 43.5032631, 16.600433 43.5005519, 16.6035846 43.498405, 16.6075256 43.4960068, 16.6115435 43.4935389, 16.6154195 43.4911892, 16.6189488 43.4890148, 16.6221902 43.48704, 16.6264213 43.4844636, 16.6294848 43.4826358, 16.6306155 43.4819611, 16.6358543 43.4798861, 16.6404553 43.4781137, 16.6422734 43.47745, 16.6447196 43.4765569, 16.6471715 43.4756067, 16.6545965 43.472729, 16.6592017 43.4709471, 16.6633061 43.4693451, 16.6713996 43.4652115, 16.6790919 43.4613792, 16.6827336 43.4595777, 16.6878324 43.4581672, 16.6910195 43.4573015, 16.694938680440078 43.4562264302421, 16.702004592938074 43.45514307124362)",Sibenik,Sinj,Sibenik-Sinj
way/162022271-220,way/43337263-220,220.0,491.556,53026.72,Al/St 240/40 2-bundle 220.0,"LINESTRING (15.903205816155046 43.756388757532314, 15.91138867000778 43.7562446724343, 15.9116681 43.756096, 15.9153666 43.7541035, 15.9190472 43.7521568, 15.9226694 43.750207, 15.9267899 43.7494675, 15.930219 43.7488562, 15.9343662 43.748028, 15.9388873 43.7468879, 15.9433675 43.7456292, 15.9480357 43.7443969, 15.9525098 43.7432759, 15.9577248 43.7418704, 15.9627154 43.7405105, 15.96568 43.7397528, 15.9680662 43.7391474, 15.9716786 43.7381942, 15.9745446 43.7374292, 15.9797808 43.7360188, 15.9842622 43.7348486, 15.988487 43.7337155, 15.9907936 43.731718, 15.993748 43.7291323, 15.9970517 43.7263352, 15.999888 43.7239957, 16.0029912 43.7213109, 16.0061255 43.7186227, 16.0092288 43.7159633, 16.0121365 43.7134566, 16.0151547 43.7108497, 16.018284 43.7081491, 16.0217146 43.7052106, 16.0242062 43.7030764, 16.0344867 43.7016775, 16.0479297 43.6998359, 16.062551 43.6977728, 16.0674741 43.6970547, 16.0717628 43.6964977, 16.076746 43.6958189, 16.0803754 43.6953209, 16.0841976 43.694158, 16.0882409 43.6928899, 16.0952504 43.6906914, 16.1183823 43.6848295, 16.1209825 43.6826898, 16.1254071 43.6812906, 16.1334279 43.6787624, 16.1375816 43.6774833, 16.1559572 43.6717748, 16.1746028 43.6659295, 16.1772916 43.6650851, 16.1820255 43.6636056, 16.1872813 43.6619077, 16.1965663 43.6578382, 16.2004435 43.6555158, 16.2048085 43.6529744, 16.2081525 43.6511586, 16.2126182 43.6487338, 16.2158108 43.6470001, 16.2232372 43.6438644, 16.2336195 43.6409337, 16.2388025 43.6393444, 16.2510715 43.6359367, 16.2556233 43.6346481, 16.2559033 43.6345682, 16.2597588 43.6334584, 16.2632388 43.6316641, 16.2671629 43.6296397, 16.2712002 43.6275897, 16.2742496 43.6260169, 16.2786383 43.6237305, 16.2874197 43.6191998, 16.2913443 43.6171947, 16.2962714 43.614674, 16.3000796 43.6127169, 16.3046386 43.6119309, 16.3185958 43.6095025, 16.3233854 43.6086652, 16.3279473 43.6078495, 16.3324982 43.6070608, 16.3368843 43.6063527, 16.3406415 43.6065969, 16.3461876 43.6068576, 16.3493729 43.6069806, 16.3536704 43.6072648, 16.3584582 43.6074309, 16.3638044 43.6077697, 16.3674562 43.6079367, 16.3710608 43.608114, 16.3768457 43.6084256, 16.3814715 43.6087453, 16.3873392 43.6090549, 16.3923566 43.6092745, 16.3962107 43.6092683, 16.3990246 43.6092955, 16.4045292 43.6092398, 16.4095932 43.6091895, 16.4144726 43.6091384, 16.4172746 43.609109, 16.4218648 43.6091166, 16.4272071 43.6090811, 16.4321149 43.6089623, 16.4376066 43.6089687, 16.4420559 43.608967, 16.4457027 43.6089656, 16.4548809 43.6078569, 16.4605863 43.6071627, 16.4658202 43.6064978, 16.4744628 43.6055032, 16.4789616 43.6049063, 16.4817218 43.60463, 16.4868524 43.6041221, 16.4916807 43.603439, 16.493683820210315 43.602686897884794, 16.50099637767922 43.60025925825496)",Sibenik,Split,Split-Sibenik2
way/43337263-220,way/59683455-220,220.0,491.556,25019.93,Al/St 240/40 2-bundle 220.0,"LINESTRING (16.50099637767922 43.60025925825496, 16.50670904333542 43.59618019684561, 16.5076978 43.5948928, 16.5107487 43.5930493, 16.5133169 43.5901145, 16.5158574 43.587195, 16.5181663 43.5845543, 16.5204601 43.5819298, 16.5222733 43.5799868, 16.5243354 43.5775556, 16.5261485 43.5754609, 16.5279892 43.5722453, 16.528558 43.5714235, 16.5312938 43.5674704, 16.531867 43.5666421, 16.5328573 43.5636165, 16.5331491 43.5609631, 16.5322887 43.5595232, 16.5302738 43.556236, 16.5284781 43.5533984, 16.5265004 43.5503207, 16.5249362 43.5476205, 16.5229069 43.5444338, 16.5245795 43.5424152, 16.5271326 43.5389961, 16.5283624 43.5373092, 16.5349893 43.534891, 16.5386848 43.5336152, 16.5425372 43.5321775, 16.546198 43.5308291, 16.5495728 43.5295532, 16.5518689 43.5288058, 16.55429 43.5278138, 16.555851 43.5272378, 16.5614395 43.5264691, 16.5670815 43.5254604, 16.5702705 43.5233199, 16.574607 43.5200671, 16.5774848 43.518062, 16.5811796 43.5153552, 16.5850999 43.5125024, 16.5887369 43.5098636, 16.5926091 43.5069993, 16.596275 43.5044137, 16.5987916 43.5025512, 16.6010634 43.5008934, 16.6033899 43.4994775, 16.6092679 43.4958999, 16.6131508 43.4935034, 16.6168621 43.4912544, 16.6205262 43.4890028, 16.6235856 43.4871475, 16.6247401 43.4864342, 16.6261058 43.4855905, 16.6275586 43.4846929, 16.6316497 43.4821715, 16.641745 43.4783485, 16.6441105 43.4774527, 16.6490844 43.4756244, 16.6553883 43.4731962, 16.6596774 43.4715087, 16.6636154 43.4700243, 16.6797572 43.4629561, 16.69511364007941 43.45691379462557, 16.702004592938074 43.45514307124362)",Split,Sinj,Split-Sinj
way/89818719-400,way/89820062-400,400.0,1787.476,61337.84,Al/St 240/40 4-bundle 380.0,"LINESTRING (15.869401606746242 45.68142826573554, 15.869692767008793 45.67506944532463, 15.8698292 45.6745529, 15.8705458 45.6717508, 15.8713604 45.6689299, 15.8757538 45.667794, 15.879171 45.6669206, 15.8824594 45.6660471, 15.8864827 45.6649749, 15.8938105 45.6635653, 15.9060574 45.6610796, 15.9094692 45.6603635, 15.9142489 45.6594149, 15.9241462 45.6574615, 15.9347034 45.655328, 15.9405024 45.6541844, 15.9446042 45.6533491, 15.9576739 45.6518071, 15.9772379 45.6493546, 15.9860648 45.6483832, 15.9907616 45.6478021, 15.9952159 45.6472539, 16.0003263 45.6466883, 16.0047895 45.6461296, 16.00958 45.6455108, 16.0144723 45.6458108, 16.0196061 45.6461671, 16.0251636 45.6465571, 16.0307265 45.6468271, 16.0358442 45.6471609, 16.0408706 45.6474684, 16.0458112 45.6477796, 16.0475196 45.6479151, 16.0506339 45.6481621, 16.0557783 45.6484471, 16.058267 45.6486329, 16.0608531 45.6488259, 16.0660673 45.6491559, 16.071244 45.6494521, 16.0764957 45.6498159, 16.0798699 45.6499771, 16.0827989 45.6501871, 16.0861624 45.6503971, 16.089322 45.6512296, 16.094268 45.6524408, 16.0982484 45.6534232, 16.1025614 45.6545406, 16.1069495 45.6556205, 16.1105866 45.6564979, 16.1160476 45.6579564, 16.1192555 45.6586763, 16.1236597 45.6603448, 16.1279888 45.661807, 16.1327416 45.6635615, 16.1371673 45.6651811, 16.1398929 45.666162, 16.1414695 45.6667294, 16.1454285 45.6681164, 16.1505461 45.668004, 16.1559318 45.667764, 16.1618058 45.6675803, 16.1677388 45.6673067, 16.17357 45.6671792, 16.1798517 45.6668756, 16.1859349 45.6667294, 16.1918626 45.6664595, 16.2138406 45.6571841, 16.2192855 45.6580839, 16.2251435 45.65886, 16.2303201 45.6594412, 16.2351106 45.6602435, 16.2399385 45.6608209, 16.2418858 45.6622419, 16.2408814 45.6651512, 16.2364624 45.6664409, 16.2343703 45.66911, 16.2325929 45.671393, 16.2305175 45.674092, 16.2303503 45.6766223, 16.2300364 45.6801316, 16.2296925 45.6840727, 16.2293925 45.6876556, 16.2310306 45.6908242, 16.2330221 45.6947287, 16.2346315 45.6979065, 16.236482 45.7015025, 16.2383618 45.7052041, 16.2398364 45.7080554, 16.2368808 45.7112216, 16.2337077 45.7146199, 16.2306833 45.7178733, 16.2276267 45.7211281, 16.2246733 45.7242788, 16.227182 45.7275363, 16.2297425 45.7308944, 16.2323669 45.7343266, 16.2349963 45.7377498, 16.2374857 45.7409962, 16.237509 45.7443656, 16.237428 45.7477466, 16.2375967 45.7510151, 16.2336293 45.7527752, 16.2301724 45.7543194, 16.226122 45.7557961, 16.2221179 45.7572615, 16.2186144 45.7596804, 16.2156806 45.7617002, 16.2115185 45.7637779, 16.2069565 45.7660568, 16.2023723 45.7683484, 16.198155 45.7704785, 16.1935902 45.7727271, 16.188998 45.7750068, 16.1846405 45.7772294, 16.1802509 45.779368, 16.1792506 45.7828047, 16.178266 45.7863037, 16.1793582 45.7893948, 16.1805712 45.792178, 16.1818943 45.7955717, 16.1834768 45.7996092, 16.1843793 45.8022909, 16.185534 45.8050006, 16.1866319 45.807782, 16.1884991 45.8111645, 16.1904775 45.8142563, 16.189186 45.8163887, 16.1897297 45.8185599, 16.1906927 45.8213545, 16.1940889 45.8241005, 16.1973075 45.82662, 16.2000487 45.8287208, 16.202747 45.8308215, 16.206014 45.8333781, 16.2091468 45.8357178, 16.2086757 45.8397042, 16.2082222 45.8433091, 16.2077618 45.8475131, 16.2072459 45.8508396, 16.2069596 45.8543712, 16.2065826 45.8570996, 16.2028758 45.8592253, 16.1993353 45.8612502, 16.1953817 45.8634729, 16.1917938 45.865508, 16.1873103 45.8680475, 16.1842263 45.8697557, 16.1792684 45.8713216, 16.1754897 45.8725205, 16.170535594915297 45.87406984453055, 16.162877551551272 45.87617194257123)",Zagreb,Sesvete,Zagreb-Sesvete
way/89819945-220,way/89820062-220,220.0,491.556,25846.5,Al/St 240/40 2-bundle 220.0,"LINESTRING (16.111889141850742 45.66742738186066, 16.117629249212307 45.671336802121594, 16.1179292 45.671586, 16.1209743 45.6740902, 16.1254527 45.6765722, 16.1305193 45.6793294, 16.135105 45.6818376, 16.1398379 45.6843947, 16.144765 45.6870659, 16.149583 45.6896377, 16.1538556 45.691983, 16.1549939 45.6957437, 16.1560991 45.6994632, 16.1571296 45.7031107, 16.1582115 45.7069208, 16.1593625 45.7106459, 16.1604036 45.7143066, 16.1614601 45.7180254, 16.1637885 45.7256866, 16.1648633 45.7295993, 16.1659781 45.7334392, 16.1671657 45.7373144, 16.1683388 45.7413724, 16.1695258 45.7452401, 16.1710701 45.7475745, 16.1731408 45.7507713, 16.1759517 45.7548063, 16.1783764 45.7583395, 16.1808333 45.7619847, 16.1829684 45.7650609, 16.1820564 45.7684139, 16.1812835 45.7717808, 16.1802851 45.7755915, 16.1793067 45.7793374, 16.1783075 45.78313, 16.1774067 45.7867977, 16.1783764 45.7895447, 16.1796304 45.7925442, 16.1809973 45.795955, 16.1823398 45.7992903, 16.1836157 45.8027771, 16.1850261 45.8060346, 16.1854979 45.8075368, 16.186568 45.811314, 16.1878065 45.8150194, 16.188923 45.8189974, 16.1900764 45.8225153, 16.1880934 45.8255263, 16.1857366 45.8290347, 16.1835043 45.8324535, 16.1814714 45.8355585, 16.1785646 45.8398101, 16.1761495 45.8435108, 16.1736079 45.8473625, 16.1713226 45.8508263, 16.1690428 45.8542862, 16.1664786 45.8581008, 16.1639305 45.8619748, 16.1622166 45.8646902, 16.159711 45.8684602, 16.158593669380956 45.870097386329356, 16.162583761408865 45.87599739321187)",VelikaGorica,Samobor,VelikaGorica-Samobor
way/89820062-400,way/89823918-400,400.0,1787.476,230946.87,Al/St 240/40 4-bundle 380.0,"LINESTRING (16.162877551551272 45.87617194257123, 16.170535594915297 45.87406984453055, 16.1754897 45.8725205, 16.1792684 45.8713216, 16.1842263 45.8697557, 16.1873103 45.8680475, 16.1917938 45.865508, 16.1953817 45.8634729, 16.1993353 45.8612502, 16.2028758 45.8592253, 16.2065826 45.8570996, 16.2069596 45.8543712, 16.2072459 45.8508396, 16.2077618 45.8475131, 16.2082222 45.8433091, 16.2086757 45.8397042, 16.2091468 45.8357178, 16.206014 45.8333781, 16.202747 45.8308215, 16.2000487 45.8287208, 16.1973075 45.82662, 16.1940889 45.8241005, 16.1906927 45.8213545, 16.1897297 45.8185599, 16.189186 45.8163887, 16.1904775 45.8142563, 16.1884991 45.8111645, 16.1866319 45.807782, 16.185534 45.8050006, 16.1843793 45.8022909, 16.1834768 45.7996092, 16.1818943 45.7955717, 16.1805712 45.792178, 16.1793582 45.7893948, 16.178266 45.7863037, 16.1792506 45.7828047, 16.1802509 45.779368, 16.1846405 45.7772294, 16.188998 45.7750068, 16.1935902 45.7727271, 16.198155 45.7704785, 16.2023723 45.7683484, 16.2069565 45.7660568, 16.2115185 45.7637779, 16.2156806 45.7617002, 16.2186144 45.7596804, 16.2221179 45.7572615, 16.226122 45.7557961, 16.2301724 45.7543194, 16.2336293 45.7527752, 16.2375967 45.7510151, 16.237428 45.7477466, 16.237509 45.7443656, 16.2374857 45.7409962, 16.2349963 45.7377498, 16.2323669 45.7343266, 16.2297425 45.7308944, 16.227182 45.7275363, 16.2246733 45.7242788, 16.2276267 45.7211281, 16.2306833 45.7178733, 16.2337077 45.7146199, 16.2368808 45.7112216, 16.2398364 45.7080554, 16.2383618 45.7052041, 16.236482 45.7015025, 16.2346315 45.6979065, 16.2330221 45.6947287, 16.2310306 45.6908242, 16.2293925 45.6876556, 16.2296925 45.6840727, 16.2300364 45.6801316, 16.2303503 45.6766223, 16.2305175 45.674092, 16.2325929 45.671393, 16.2343703 45.66911, 16.2364624 45.6664409, 16.2408814 45.6651512, 16.2422238 45.6626805, 16.2470196 45.661792, 16.2507856 45.6623021, 16.256547 45.6630894, 16.2619972 45.6638167, 16.2676084 45.664574, 16.2733483 45.6654062, 16.2781763 45.6660061, 16.2829399 45.6671007, 16.2896776 45.6684799, 16.2990761 45.6692521, 16.3050628 45.6689447, 16.3109314 45.6686898, 16.3168323 45.6683449, 16.3225615 45.6681425, 16.328398 45.6678951, 16.3343096 45.6676181, 16.3399744 45.6673107, 16.3450599 45.6671082, 16.3500488 45.6668833, 16.3556063 45.6672657, 16.3601982 45.6675316, 16.3660133 45.667899, 16.3713187 45.6682289, 16.3765168 45.6685625, 16.3814843 45.668911, 16.3866824 45.6692409, 16.3920361 45.6696345, 16.3974159 45.6699498, 16.4030861 45.6702595, 16.4089172 45.6706246, 16.4144304 45.6710556, 16.4197734 45.6713855, 16.4249232 45.6716854, 16.4303198 45.6720827, 16.4356199 45.6723826, 16.4410165 45.6726675, 16.4464775 45.6730798, 16.4518097 45.6734396, 16.4547711 45.6710263, 16.4573377 45.6689347, 16.4601042 45.6666801, 16.4636221 45.663813, 16.4660147 45.661856, 16.4695015 45.6590215, 16.472967 45.6561795, 16.4762607 45.6535022, 16.4800158 45.6512074, 16.4838675 45.6488449, 16.4874938 45.6466324, 16.4912274 45.6443747, 16.49524 45.6419294, 16.4992551 45.6394633, 16.5032759 45.6369936, 16.5072992 45.6345555, 16.5111402 45.6322374, 16.5150133 45.6298516, 16.5189722 45.6274582, 16.5229204 45.6250272, 16.5267123 45.6246764, 16.5300186 45.6244426, 16.5347972 45.6240443, 16.5391317 45.6237517, 16.5431979 45.6234365, 16.5468243 45.6231814, 16.5498948 45.6230699, 16.5543552 45.6229079, 16.5598383 45.6227087, 16.5639344 45.6226211, 16.5688651 45.6225072, 16.5745253 45.6224024, 16.5801944 45.6222925, 16.5853311 45.6221929, 16.5906787 45.6221063, 16.5932623 45.62015, 16.5963629 45.6178163, 16.5996245 45.6153248, 16.6029933 45.6127582, 16.6061584 45.6107018, 16.6129046 45.6064363, 16.6164253 45.6041877, 16.6196332 45.602131, 16.6261058 45.5980149, 16.6284831 45.5964611, 16.6310519 45.5947822, 16.6540051 45.579778, 16.6558753 45.5785553, 16.6614582 45.5748469, 16.6683241 45.570286, 16.6866242 45.5583362, 16.7071485 45.54473, 16.716605 45.5384537, 16.7316825 45.5386135, 16.7435378 45.5387413, 16.7484838 45.5388314, 16.7532054 45.5389968, 16.7564649 45.5389303, 16.7618764 45.5389968, 16.766299 45.5390633, 16.7722801 45.5391243, 16.7783493 45.5392154, 16.7837833 45.5392416, 16.7882065 45.5374796, 16.7929001 45.5355438, 16.79733 45.5336962, 16.8012173 45.5321081, 16.8041086 45.5309601, 16.8120187 45.5276928, 16.8157642 45.5261808, 16.8200626 45.5243565, 16.8227737 45.5232068, 16.8256838 45.5220485, 16.829709 45.5204453, 16.8339993 45.5188812, 16.838178 45.5169064, 16.8423148 45.5152444, 16.8476446 45.5130544, 16.851021 45.511578, 16.8546625 45.5099892, 16.8591552 45.5080337, 16.8671358 45.5045869, 16.8757862 45.5008807, 16.8812904 45.4985435, 16.8853086 45.4968076, 16.8941962 45.4929738, 16.8979005 45.4913453, 16.9033977 45.4916289, 16.9072519 45.4916762, 16.9187521 45.4918148, 16.9234052 45.4915507, 16.9376295 45.4907389, 16.9525093 45.4866266, 16.9565233 45.4854424, 16.9616039 45.4840153, 16.9668428 45.482504, 16.9719179 45.4810271, 16.9768675 45.4796075, 16.9801527 45.4786586, 16.984775 45.4795616, 16.9890916 45.4802465, 16.993812 45.4810807, 16.9986307 45.4819607, 17.003231 45.4827221, 17.0076677 45.4835294, 17.0123063 45.4843176, 17.0168958 45.485167, 17.0213979 45.4859551, 17.0256436 45.4866629, 17.0297528 45.4863951, 17.0345769 45.4860737, 17.0392319 45.4857141, 17.0436631 45.4853353, 17.0488528 45.4850177, 17.0540317 45.4846351, 17.0591068 45.4842831, 17.0644166 45.4838967, 17.0697865 45.4835218, 17.0751236 45.4831583, 17.0799641 45.4828254, 17.0858578 45.4824237, 17.0899561 45.4821329, 17.0942454 45.4818115, 17.0989222 45.4815475, 17.1034298 45.4811993, 17.1080957 45.4808893, 17.1128161 45.4806598, 17.1218286 45.4799563, 17.1257555 45.4796978, 17.1309225 45.4793727, 17.1339445 45.4790986, 17.1367039 45.4788949, 17.1418933 45.4785581, 17.1457308 45.4783113, 17.1489371 45.4780841, 17.1545789 45.4777434, 17.164399 45.4770775, 17.1745878 45.4758006, 17.1803134 45.4750486, 17.1938425 45.4732389, 17.2093379 45.4709865, 17.2131196 45.471155, 17.2287805 45.4722428, 17.2382503 45.4728604, 17.2525746 45.473818, 17.2617304 45.4744165, 17.2694661 45.4747851, 17.2771881 45.4750963, 17.2817694 45.4751921, 17.2872042 45.4753548, 17.2909662 45.4754937, 17.2964965 45.4756804, 17.2996782 45.4757761, 17.3046282 45.4759581, 17.3102542 45.47614, 17.3158255 45.4762788, 17.3210895 45.4764033, 17.3301272 45.4767423, 17.3369303 45.4769525, 17.3406372 45.4771861, 17.3467776 45.4775429, 17.350825 45.4777995, 17.3555497 45.4781327, 17.3608971 45.4784774, 17.3664138 45.4788374, 17.3736183 45.4792434, 17.3791459 45.4795996, 17.3815874 45.4797145, 17.3852798 45.4789983, 17.3896281 45.4780998, 17.3966332 45.4767929, 17.399173 45.4762758, 17.4057207 45.4749927, 17.4148014 45.4731638, 17.4214037 45.4718376, 17.4244768 45.4712342, 17.4274112 45.4706581, 17.4311262 45.4699272, 17.4365752 45.4688322, 17.4400089 45.4681508, 17.443293 45.4675139, 17.4477221 45.4666007, 17.4488208 45.4663741, 17.4532688 45.4655498, 17.4566216 45.4648804, 17.4607245 45.4633686, 17.4640404 45.4620751, 17.4689323 45.4601839, 17.4743183 45.4580365, 17.4779403 45.4566189, 17.4809496 45.4554411, 17.4844794 45.4540914, 17.4876089 45.4528847, 17.4940666 45.4503895, 17.4969428 45.4492659, 17.5001095 45.4480553, 17.5031029 45.4468605, 17.506102 45.4457208, 17.5133996 45.4428872, 17.5216164 45.4396757, 17.527053 45.43755, 17.5315233 45.4370926, 17.5361171 45.4366015, 17.5394021 45.436271, 17.5506584 45.4351384, 17.5553704 45.4345845, 17.5607759 45.4340097, 17.5651926 45.4335575, 17.5713332 45.4329253, 17.5749693 45.4325233, 17.5801807 45.4319422, 17.5850158 45.4314496, 17.5902669 45.4308695, 17.5941662 45.430478, 17.5988695 45.4299625, 17.6044425 45.4293822, 17.6093412 45.4291391, 17.6145658 45.4288702, 17.6194072 45.4286063, 17.6246518 45.4283422, 17.6302638 45.4280253, 17.6360278 45.4277519, 17.6415191 45.4274564, 17.6469427 45.4271917, 17.6517796 45.426946, 17.6567324 45.4266813, 17.6614089 45.4264276, 17.6654493 45.4262127, 17.6687542 45.4260283, 17.6736773 45.4255822, 17.6796872 45.4248892, 17.6852571 45.4241737, 17.6906338 45.4235409, 17.6955536 45.4229937, 17.700769 45.4223529, 17.7060642 45.4215999, 17.7110813 45.4209958, 17.7165161 45.4203449, 17.7210962 45.4197913, 17.7258758 45.4208419, 17.7311164 45.4219736, 17.7362992 45.4230938, 17.7421078 45.4244246, 17.7478669 45.4256501, 17.7529986 45.426796, 17.7575519 45.4277568, 17.7629732 45.4288692, 17.7664674 45.4295979, 17.7709664 45.4305769, 17.7759505 45.4297316, 17.7803768 45.4289296, 17.784679 45.4281631, 17.7885897 45.4274195, 17.7944334 45.4263424, 17.7974001 45.4258376, 17.8011632 45.4251571, 17.8050976 45.4244207, 17.8150249 45.4226638, 17.8209648 45.4215426, 17.8246694 45.4208888, 17.8303547 45.4197752, 17.8366056 45.4188008, 17.8403347 45.4180887, 17.8463823 45.4176665, 17.8514432 45.4173262, 17.8570257 45.416991, 17.8626228 45.4165373, 17.8681392 45.4162486, 17.8729607 45.4158731, 17.8765375 45.4136548, 17.8803844 45.4112368, 17.8845258 45.4086427, 17.8883545 45.4062044, 17.8930053 45.4065968, 17.8980034 45.4070081, 17.903101 45.4074298, 17.9074667 45.4078053, 17.9122639 45.4081873, 17.9182839 45.4087062, 17.9225033 45.409027, 17.9346354 45.4100562, 17.9376924 45.4103156, 17.9523041 45.4114792, 17.9596648 45.4121272, 17.9689287 45.412924, 17.9716216 45.4134863, 18.0426122 45.4301383, 18.0492594 45.4302718, 18.0916282 45.4516195, 18.1281426 45.4521304, 18.133288 45.4521533, 18.1393282 45.4522978, 18.1431298 45.4523462, 18.148201 45.4524135, 18.1525569 45.4524798, 18.1587684 45.4525449, 18.1642432 45.4526471, 18.1677256 45.4526923, 18.1727775 45.4520393, 18.1776578 45.4513996, 18.1831958 45.4506943, 18.1898363 45.449827, 18.1938105 45.4492976, 18.2037869 45.4480586, 18.2080437 45.4475145, 18.213438 45.4468047, 18.2182674 45.4461813, 18.2230732 45.4455376, 18.2272942 45.4451038, 18.232155 45.4450671, 18.23688 45.4451551, 18.2430789 45.4452651, 18.2484101 45.4453898, 18.2545672 45.4454118, 18.2607188 45.4455022, 18.2664565 45.4456086, 18.2720177 45.4456673, 18.2773385 45.445792, 18.2827743 45.445858, 18.2879166 45.4459135, 18.2925694 45.4460544, 18.2974807 45.4459358, 18.3027823 45.4458211, 18.3080511 45.445732, 18.3133969 45.4455861, 18.3186843 45.4454681, 18.3238695 45.4453613, 18.3293082 45.4452269, 18.3344347 45.4451031, 18.3393878 45.4449976, 18.3446111 45.4448763, 18.3498608 45.4447727, 18.3554485 45.4446297, 18.3612875 45.4445149, 18.3666428 45.4444027, 18.3721001 45.4442671, 18.3779539 45.44414, 18.3834861 45.4440304, 18.3890384 45.4438977, 18.3937579 45.4438093, 18.3991028 45.4437094, 18.4045929 45.4435598, 18.4099422 45.4434341, 18.4151858 45.4433541, 18.4205107 45.4432456, 18.425681 45.4431142, 18.4308594 45.4430456, 18.4359157 45.4428742, 18.440117 45.4428114, 18.4446033 45.4437483, 18.4484969 45.444632, 18.4530648 45.445642, 18.4580141 45.4466466, 18.4626855 45.4476181, 18.4677718 45.4486518, 18.4721842 45.449633, 18.4771373 45.4506497, 18.4824092 45.4516766, 18.4873434 45.4527561, 18.4923238 45.4538684, 18.4972886 45.4549026, 18.5021127 45.4559208, 18.5072841 45.4570151, 18.5121887 45.4580991, 18.5172205 45.4591075, 18.5222947 45.4601867, 18.5277449 45.4613079, 18.5325842 45.4623434, 18.5374331 45.463302, 18.5421645 45.4643405, 18.5470466 45.4653683, 18.5515849 45.4663691, 18.5540955 45.4668506, 18.5578393 45.4676588, 18.5626995 45.4677189, 18.5680854 45.4677114, 18.5734176 45.4677265, 18.578568 45.4677536, 18.5836212 45.4677611, 18.5886633 45.4678469, 18.5936522 45.4678619, 18.5985552 45.4678995, 18.6030292 45.4679146, 18.6080288 45.4679146, 18.6133181 45.4678995, 18.6185878 45.4679173, 18.6236463 45.4679051, 18.6284993 45.4679176, 18.63343 45.4679344, 18.6380384 45.4679302, 18.6428795 45.4679344, 18.6480191 45.4679302, 18.6541509 45.4679815, 18.656687345774134 45.46908830087349, 18.663329039744493 45.47318683998)",Sesvete,Osijek,Sesvete-Osijek
way/89819945-220,way/170366194-220,220.0,491.556,43940.98,Al/St 240/40 2-bundle 220.0,"LINESTRING (16.111889141850742 45.66742738186066, 16.108349881333897 45.66225286212459, 16.1073572 45.6609447, 16.1079365 45.6576453, 16.1086396 45.6537085, 16.1092935 45.6497712, 16.1099479 45.6460361, 16.1105809 45.6422933, 16.1112354 45.6384827, 16.1115155 45.6367676, 16.1119435 45.6345253, 16.1124907 45.6312994, 16.1131773 45.6271504, 16.1138801 45.6231437, 16.1145023 45.6197295, 16.118869 45.6178535, 16.1236594 45.6158086, 16.1281011 45.6139174, 16.1327038 45.6119587, 16.1374996 45.6098948, 16.1424509 45.6077707, 16.1474613 45.6056241, 16.1525468 45.6034211, 16.1575732 45.6012781, 16.1618433 45.5994427, 16.1665694 45.5974121, 16.1715261 45.5953139, 16.176338 45.5932456, 16.1812625 45.5911323, 16.2014583 45.5824592, 16.2060528 45.580489, 16.2100066 45.5776851, 16.2140606 45.5749096, 16.2181912 45.5719581, 16.2340806 45.5607741, 16.2419407 45.5551232, 16.249337 45.5499861, 16.2529585 45.54766, 16.2614122 45.5414279, 16.2660058 45.5381879, 16.2691073 45.5360092, 16.2697595 45.535551, 16.2739489 45.5326579, 16.278101 45.5297042, 16.2864266 45.5239767, 16.2904928 45.5212255, 16.294162 45.5183689, 16.3097738 45.5180963, 16.3140927 45.5179673, 16.3196235 45.5179231, 16.3254403 45.5177941, 16.3366449 45.5175838, 16.342239 45.5174976, 16.3537182 45.5172898, 16.3592877 45.5171977, 16.3646883 45.5171056, 16.3706852 45.5170115, 16.3760641 45.5169086, 16.3806366 45.5168612, 16.3852554 45.5163801, 16.3908236 45.5158012, 16.393994 45.5156959, 16.4023222 45.5146635, 16.4075952 45.5140498, 16.4127383 45.5136215, 16.4174858 45.513161, 16.4215454 45.5127829, 16.4249679 45.5123995, 16.4272429 45.509215, 16.4297744 45.5055725, 16.4317485 45.5025572, 16.4346667 45.4986017, 16.4372417 45.4948942, 16.4395913 45.4915549, 16.4418985 45.4882565, 16.444269 45.4848909, 16.446801 45.4813103, 16.4492156 45.4774771, 16.451769 45.4742271, 16.4538928 45.4711767, 16.4534744 45.4685809, 16.4529599 45.4655821, 16.4524557 45.4627678, 16.4519943 45.4600964, 16.4514686 45.4571916, 16.447841 45.4540611, 16.4441081 45.450919, 16.4405419 45.4478514, 16.4374121 45.448221, 16.4319485 45.4488947, 16.427142158183454 45.449449490254196, 16.41378481811703 45.452492401724264)",VelikaGorica,Sisak,VelikaGorica-Sisak
way/273326173-220,HR3-220,220.0,491.556,1578.07,Al/St 240/40 2-bundle 220.0,"LINESTRING (15.0984209 44.97969419062283, 15.10032143983288 44.983981784439365, 15.1003407 44.9840125, 15.1018678 44.9864232, 15.102975319194236 44.98815494848965, 15.105276725972995 44.99301484758882)",Ogulin,DugaResa,Ogulin-DugaResa
way/89819945-220,HR1-220,220.0,491.556,42364.45,Al/St 240/40 2-bundle 220.0,"LINESTRING (16.111889141850742 45.66742738186066, 16.107343004209994 45.662844979698455, 16.1054951 45.660813, 16.10613 45.657039, 16.1068798 45.6531252, 16.1075684 45.6492124, 16.1082929 45.6453354, 16.1090356 45.6414483, 16.1096748 45.6379716, 16.1103504 45.6341755, 16.1110802 45.6304343, 16.1116391 45.6272596, 16.1117656 45.6265479, 16.1124855 45.6226372, 16.1130724 45.6194156, 16.1176385 45.6174122, 16.1224526 45.615372, 16.1319141 45.6113346, 16.1356553 45.609723, 16.1436735 45.6063395, 16.1477186 45.6045553, 16.1520515 45.6027353, 16.1563244 45.600935, 16.1597592 45.5994465, 16.168175 45.5957845, 16.1778289 45.5915545, 16.1859248 45.588056, 16.1917616 45.5855335, 16.1962641 45.5835876, 16.2053582 45.5795368, 16.2074784 45.5759392, 16.2096782 45.5721765, 16.2116624 45.5687806, 16.2111182 45.567054, 16.2131052 45.5644622, 16.2155185 45.5612676, 16.2178998 45.5581064, 16.2303806 45.5368535, 16.2325417 45.5331223, 16.2385074 45.5228758, 16.2418771 45.5171444, 16.2436064 45.5141975, 16.2451048 45.511611, 16.2473459 45.5077545, 16.2493928 45.5042394, 16.2511848 45.5011199, 16.2643614 45.4902919, 16.2678597 45.4872956, 16.2711996 45.4845516, 16.2746894 45.4816587, 16.2776682 45.4791892, 16.2806889 45.4766822, 16.2839314 45.4739664, 16.2869452 45.4713918, 16.2907342 45.4683454, 16.2934066 45.4661412, 16.2958603 45.4641439, 16.2978386 45.4605436, 16.3014636 45.4539147, 16.3050186 45.4474828, 16.3044702 45.4454932, 16.3037885 45.4428555, 16.3030669 45.439937, 16.3021979 45.4363836, 16.3013074 45.4330409, 16.3003633 45.4295549, 16.2994513 45.4261892, 16.2985394 45.4225974, 16.2975416 45.4187418, 16.3005199 45.4154153, 16.3035068 45.4120616, 16.3059165 45.4094277, 16.3090429 45.405938, 16.3118539 45.4028194, 16.3144181 45.399987, 16.3169226 45.3971517, 16.319467 45.3944068, 16.320894 45.3927192, 16.3241093 45.3891693, 16.3291712 45.3835673, 16.334181 45.378683, 16.3410151 45.3719563, 16.3446951 45.3683761, 16.353282892023707 45.35995976062905, 16.35844589999999 45.35731309090436)",VelikaGorica,Petrinja,VelikaGorica-Petrinja
way/273326173-220,way/89819945-220,220.0,491.556,117998.22,Al/St 240/40 2-bundle 220.0,"LINESTRING (15.105276725972995 44.99301484758882, 15.110428868984696 44.99673658412052, 15.1124143 44.9976671, 15.1150412 44.9988741, 15.1183106 45.0004174, 15.1208024 45.0015857, 15.1240806 45.0030852, 15.1268287 45.0043972, 15.1297005 45.0054718, 15.1325899 45.0071524, 15.1347106 45.0085643, 15.1371317 45.0102885, 15.1384041 45.0113254, 15.1398179 45.0124936, 15.1409842 45.0134244, 15.1420181 45.0152484, 15.1470812 45.0194208, 15.1499795 45.0218005, 15.1521708 45.0236617, 15.1549631 45.0259226, 15.1575079 45.0280459, 15.1589835 45.0296883, 15.1604415 45.0312433, 15.1632691 45.0327545, 15.1681378 45.0367821, 15.1707975 45.0390362, 15.172927 45.0408281, 15.1769386 45.0443245, 15.177687 45.047129, 15.1788826 45.0487383, 15.1801081 45.0505688, 15.1870004 45.0539209, 15.1916747 45.0584401, 15.1971419 45.0636836, 15.1994422 45.0658669, 15.200545 45.0684483, 15.2016466 45.0709607, 15.2026703 45.0732952, 15.2035094 45.0752087, 15.204376 45.0772655, 15.2050936 45.0788933, 15.2060677 45.081176, 15.2070672 45.0833036, 15.2079222 45.0852564, 15.2086961 45.0871014, 15.2093736 45.0886695, 15.2100576 45.0901975, 15.2107502 45.0917976, 15.2113428 45.0930686, 15.2168946 45.1001769, 15.2188735 45.102693, 15.230343 45.1171328, 15.2337342 45.1189652, 15.2368158 45.1206608, 15.2398568 45.1223601, 15.2422094 45.1235476, 15.2456579 45.1254744, 15.2497764 45.127684, 15.2536661 45.1298089, 15.2568708 45.1315593, 15.2668227 45.1368655, 15.2699655 45.1385877, 15.2739873 45.140743, 15.276758 45.1422134, 15.2795841 45.143748, 15.2827448 45.1454642, 15.2843116 45.1473513, 15.2866342 45.1501964, 15.2888322 45.1528262, 15.2909994 45.1554441, 15.2932783 45.158322, 15.2952695 45.1606869, 15.2976572 45.1635745, 15.3000331 45.1665496, 15.3025865 45.1696206, 15.3047814 45.1722656, 15.3057086 45.1741891, 15.3067144 45.1762183, 15.3076987 45.1782443, 15.3094745 45.1817822, 15.3112369 45.1852309, 15.3118117 45.1864432, 15.3129506 45.1886408, 15.3144693 45.1917689, 15.316085 45.1950725, 15.3177435 45.1983744, 15.3196025 45.2019549, 15.321362 45.2053717, 15.3229547 45.2086822, 15.3245543 45.21196, 15.3281593 45.2140619, 15.3314959 45.2160496, 15.3349984 45.2181529, 15.3379976 45.2199568, 15.3419265 45.2223838, 15.3451042 45.2243096, 15.3492703 45.2268332, 15.3532755 45.2291684, 15.3544664 45.2326289, 15.3556514 45.2361595, 15.3568101 45.2394912, 15.3578293 45.2426943, 15.3590905 45.246446, 15.360018 45.2492208, 15.3611193 45.2526639, 15.3621852 45.2557465, 15.3632152 45.2588958, 15.3644276 45.2623848, 15.3657901 45.2669986, 15.3661978 45.2696112, 15.366863 45.2734544, 15.3676462 45.2780673, 15.3682899 45.2819627, 15.3689444 45.2858352, 15.3698134 45.2890282, 15.3708005 45.2946512, 15.3710258 45.2974587, 15.3717124 45.3015566, 15.3724098 45.3064012, 15.3730106 45.3099325, 15.375798 45.3110099, 15.3801195 45.3126306, 15.3849321 45.3144672, 15.3858449 45.3148156, 15.3891214 45.3160979, 15.3941715 45.3181202, 15.3974929 45.3194657, 15.4025878 45.3214864, 15.4079931 45.3236245, 15.4128639 45.3255849, 15.4167534 45.3271408, 15.4208967 45.3287627, 15.4247099 45.3302979, 15.4309036 45.3327555, 15.4580528 45.3435539, 15.4661142 45.3467243, 15.4752315 45.3502718, 15.4802373 45.3523737, 15.4843382 45.3539632, 15.4894587 45.3559805, 15.4926312 45.3602855, 15.49558 45.3642937, 15.4986801 45.3682054, 15.5010685 45.3714001, 15.5035468 45.3746604, 15.5081681 45.3808672, 15.5113668 45.3851122, 15.5137084 45.3881344, 15.5164653 45.3918639, 15.5182325 45.3942715, 15.5209054 45.3970176, 15.5226594 45.3988196, 15.530126 45.405123, 15.5436365 45.416667, 15.546685 45.419334, 15.5499985 45.4221808, 15.5592882 45.4301362, 15.5597095 45.4304969, 15.5631114 45.4333059, 15.5662571 45.4360217, 15.5669914 45.4366486, 15.5723364 45.4412112, 15.575323 45.4438461, 15.5788133 45.4467474, 15.5823213 45.4497167, 15.5855995 45.452593, 15.5897138 45.4560614, 15.5934692 45.4592782, 15.6400355 45.4991745, 15.6434857 45.5018906, 15.6451422 45.503467, 15.6483118 45.5061801, 15.6521095 45.5092857, 15.6557157 45.5123265, 15.6593372 45.515421, 15.6626042 45.5184037, 15.6656979 45.5209771, 15.6705077 45.5213781, 15.6762634 45.5218639, 15.6823324 45.5224058, 15.688533 45.5229146, 15.6939885 45.5234182, 15.7001495 45.5238937, 15.7118439 45.5248709, 15.7233024 45.5258067, 15.7281947 45.526254, 15.7395887 45.5269304, 15.7577419 45.5279677, 15.7886491 45.5297304, 15.8450179 45.5508246, 15.8505912 45.55078, 15.8564169 45.550765, 15.8621515 45.55078, 15.8678412 45.550801, 15.8737897 45.5508248, 15.8792371 45.5507575, 15.8851434 45.5508025, 15.8910228 45.5507725, 15.8975084 45.550795, 15.9017925 45.5507995, 15.9084377 45.5514303, 15.9132905 45.5519708, 15.9194568 45.5526336, 15.9321012 45.5539143, 15.9378496 45.5544655, 15.9438899 45.5552862, 15.9496915 45.555968, 15.9559652 45.5567699, 15.9608844 45.5574066, 15.9669489 45.5581465, 15.9733741 45.5589817, 15.9801919 45.5598328, 15.9847268 45.5604321, 15.9910759 45.5612231, 15.9952572 45.5617617, 15.9991946 45.5641015, 16.0045966 45.5673201, 16.0098108 45.570407, 16.0145369 45.5732046, 16.0172835 45.5748418, 16.0216614 45.5774579, 16.0246196 45.5792019, 16.0300648 45.5824794, 16.0340902 45.5848479, 16.0387036 45.587596, 16.0439698 45.5907293, 16.0490086 45.5937786, 16.0533045 45.5962214, 16.0558536 45.6002046, 16.0585251 45.6041642, 16.0602685 45.6067012, 16.0630688 45.6108516, 16.0678109 45.6178798, 16.0696831 45.6206825, 16.0724565 45.6248657, 16.0743662 45.6276794, 16.0769143 45.6314007, 16.0797736 45.634484, 16.0830834 45.6379723, 16.0864576 45.6414348, 16.0891398 45.6443032, 16.0910335 45.6462571, 16.0928467 45.6481884, 16.0961029 45.6516234, 16.0993322 45.6550281, 16.1026689 45.6585564, 16.1056622 45.661717, 16.10696057841701 45.66306987410449, 16.111889141850742 45.66742738186066)",Ogulin,VelikaGorica,Ogulin-VelikaGorica
way/210745193-220,way/96722667-220,220.0,983.112,46718.76,Al/St 240/40 2-bundle 220.0,"LINESTRING (14.166639022574504 45.137590945224346, 14.168345792396519 45.143102210363956, 14.1683211 45.1435774, 14.1666014 45.1450994, 14.1647413 45.1467454, 14.1628223 45.1479056, 14.1616399 45.1486204, 14.1601879 45.1494982, 14.1581058 45.1507569, 14.1547555 45.1527822, 14.1516156 45.1546803, 14.1481721 45.1575945, 14.1449182 45.160348, 14.14203 45.162792, 14.1389278 45.165417, 14.1355591 45.1682672, 14.132573 45.1707937, 14.1326429 45.1734782, 14.1327433 45.1773363, 14.1328351 45.1808656, 14.131421 45.1836171, 14.1298648 45.1866448, 14.1286199 45.1890669, 14.129415 45.1927215, 14.1301904 45.1962849, 14.13089 45.1995001, 14.1316292 45.202897, 14.1323414 45.2061692, 14.1332339 45.2099739, 14.1351782 45.2133556, 14.136063 45.2148474, 14.1381149 45.218307, 14.1398222 45.2211855, 14.1418452 45.224596, 14.143494 45.2274105, 14.1429403 45.2307859, 14.1423339 45.2344828, 14.1418418 45.2374822, 14.1413465 45.2405009, 14.1409335 45.2430184, 14.1403241 45.2467323, 14.1397874 45.2499867, 14.1416379 45.252989, 14.1432766 45.2556476, 14.1450565 45.2585351, 14.1470866 45.2618282, 14.1484131 45.2639801, 14.150529 45.2674121, 14.151909 45.2696505, 14.15253 45.270642, 14.154447 45.273806, 14.1558753 45.2760832, 14.157158 45.278158, 14.159589 45.282119, 14.162024 45.286076, 14.1634369 45.2883448, 14.1671112 45.2908107, 14.169858 45.2925657, 14.1735265 45.2948754, 14.1764564 45.2967696, 14.1802592 45.2991999, 14.1829463 45.300928, 14.185779 45.3027316, 14.18941 45.3050251, 14.1918928 45.3065626, 14.1954278 45.3087998, 14.1980804 45.3105375, 14.1989592 45.3134877, 14.1999951 45.3170449, 14.2007563 45.3195369, 14.2017549 45.3228613, 14.2023932 45.3250755, 14.2034075 45.3284604, 14.2041993 45.3311678, 14.2051132 45.3342104, 14.2063569 45.3382979, 14.2089425 45.338933, 14.2125219 45.3397752, 14.2173627 45.3409554, 14.2208293 45.3418223, 14.2251673 45.3417737, 14.2287192 45.3417626, 14.2328999 45.3416531, 14.2367575 45.3416075, 14.2387047 45.3415585, 14.242878 45.3415026, 14.2468778 45.3414529, 14.2517462 45.3413925, 14.255146 45.3399596, 14.2570835 45.3391457, 14.2612833 45.3373171, 14.2642917 45.338375, 14.2691641 45.3400884, 14.2726775 45.341291, 14.2775644 45.3429957, 14.2809066 45.3442132, 14.2837767 45.3451782, 14.2894736 45.3471769, 14.2906594 45.3502187, 14.2917421 45.3529936, 14.291136 45.3542525, 14.2894143 45.3577486, 14.2876421 45.3612427, 14.2868293 45.3629369, 14.286453 45.3637211, 14.286661 45.3642483, 14.2880144 45.3674942, 14.2893717 45.3708673, 14.29022 45.3727399, 14.2941351 45.3752742, 14.2963174 45.376665, 14.3000317 45.3791138, 14.3019617 45.3803475, 14.3055801 45.382677, 14.3072315 45.3837579, 14.308674 45.384702, 14.3103759 45.3845947, 14.3136441 45.3844082, 14.3164163 45.3842525, 14.3208082 45.3856068, 14.3232432 45.3863422, 14.3309729 45.3839552, 14.334948 45.3827009, 14.3386602 45.3815479, 14.3436999 45.3799694, 14.3470233 45.3786767, 14.3507023 45.3772369, 14.3535766 45.3761334, 14.3562805 45.3756549, 14.3591321 45.3744719, 14.3631614 45.372794, 14.3666304 45.3713686, 14.3703643 45.3697888, 14.3738467 45.3683517, 14.3766614 45.367142, 14.3793354 45.3679658, 14.3831054 45.3690579, 14.3853973 45.3695541, 14.3882281 45.3702207, 14.3916968 45.3695942, 14.3961339 45.3688209, 14.3993739 45.3682475, 14.4000627 45.3681256, 14.4014334 45.3661595, 14.4033417 45.3634792, 14.4037997 45.3626931, 14.405606139367388 45.36012769411028, 14.408781611334202 45.35480557715705)",Pula,Matulji,Matulji-Pula
way/129122541-220,way/89817617-220,220.0,491.556,6159.61,Al/St 240/40 2-bundle 220.0,"LINESTRING (14.52184877804528 45.28680687559485, 14.525093620518296 45.291280260402615, 14.5268633 45.2923981, 14.5303634 45.2945917, 14.5303183 45.2972524, 14.5302968 45.2990674, 14.5275628 45.3011427, 14.5248645 45.3031048, 14.5250684 45.3068287, 14.5266115 45.3091791, 14.5292561 45.3111182, 14.5314296 45.3125885, 14.532105 45.3130881, 14.533435 45.3133442, 14.5353305 45.3135817, 14.5386599 45.3141362, 14.5427173 45.3148001, 14.5455819 45.3157206, 14.5468044 45.3155751, 14.5492133 45.3152883, 14.5535598 45.316909, 14.554916693021067 45.31742212233557, 14.563904567364178 45.31618459534974)",Opatija,Viskovo,Viskovo-Opatija
way/96704507-220,way/170366194-220,220.0,491.556,44712.03,Al/St 240/40 2-bundle 220.0,"LINESTRING (16.41378481811703 45.452492401724264, 16.426999285212712 45.448759983944306, 16.430626 45.4479887, 16.4364426 45.4473121, 16.4409292 45.4467502, 16.4446017 45.4497753, 16.4484426 45.4529055, 16.4519584 45.4557519, 16.4553949 45.458595, 16.4587283 45.4612078, 16.4619931 45.4642618, 16.4652225 45.4674898, 16.4685699 45.4705897, 16.4727541 45.4729296, 16.4770671 45.4754274, 16.4817006 45.4780379, 16.4862959 45.4806338, 16.4907357 45.4831833, 16.4953705 45.4858235, 16.5001663 45.4885915, 16.5046188 45.4909005, 16.5083519 45.4926002, 16.512687 45.494541, 16.517596 45.4967656, 16.5222249 45.4988874, 16.5267799 45.5009393, 16.5313444 45.5030233, 16.5360925 45.5052103, 16.5409205 45.5073533, 16.545727 45.5095187, 16.5505335 45.5117442, 16.5554099 45.514008, 16.56004 45.5160942, 16.5650015 45.5164137, 16.570404 45.5166731, 16.5756933 45.5169137, 16.5806764 45.5162859, 16.5860408 45.5155792, 16.5913623 45.5148801, 16.5964858 45.5142298, 16.6020257 45.5134467, 16.6073675 45.5127566, 16.612717 45.5120655, 16.617583 45.5114368, 16.6228831 45.5107451, 16.6279685 45.5100609, 16.6330754 45.5093992, 16.6376459 45.5087526, 16.6418152 45.5071924, 16.6464865 45.5053691, 16.6510999 45.5035569, 16.6556983 45.5017936, 16.6603589 45.5000151, 16.664983 45.4982329, 16.6695857 45.4964205, 16.6742742 45.4946005, 16.6789262 45.4928218, 16.6830997 45.4911973, 16.6870265 45.4897457, 16.6916012 45.4880872, 16.6961503 45.4863949, 16.7006349 45.4847325, 16.7050123 45.4831454, 16.7134516 45.4800273, 16.717726 45.4784212, 16.721642 45.4769768, 16.7253542 45.4756528, 16.7286222 45.4738359, 16.7324846 45.4717142, 16.7435074 45.4655858, 16.7463612 45.463494, 16.7498696 45.4609656, 16.7530668 45.4586252, 16.7564704 45.4579883, 16.7640153 45.4565455, 16.7680636 45.4564209, 16.7733274 45.4563291, 16.7782265 45.4562635, 16.7833593 45.4561455, 16.7883657 45.4560352, 16.7977906 45.453901, 16.8029625 45.4526889, 16.8080568 45.4515144, 16.8129129 45.4503356, 16.8178166 45.4492238, 16.8224648 45.4481367, 16.8311322 45.4460673, 16.8328175 45.4470664, 16.8365503 45.4492005, 16.8424213 45.4526158, 16.8456626 45.45448, 16.8491769 45.4563473, 16.8531195 45.4587899, 16.8566945 45.4584137, 16.8608296 45.4579749, 16.8650421 45.457511, 16.8700906 45.4570001, 16.8758443 45.4563596, 16.8808748 45.455804, 16.8850922 45.4553932, 16.8887155 45.4549913, 16.8917068 45.454285, 16.8943654 45.4536466, 16.8981506 45.4527555, 16.9027683 45.4516771, 16.906966606793294 45.45063885903444, 16.913620388699012 45.448081289056574)",Kutina,Sisak,Sisak-Kutina
way/129122541-220,way/89817617-220,220.0,491.556,6315.98,Al/St 240/40 2-bundle 220.0,"LINESTRING (14.52184877804528 45.28680687559485, 14.523701428251496 45.29166866119305, 14.5239149 45.2924598, 14.5271419 45.293733, 14.5297967 45.29474, 14.5297622 45.2970524, 14.5297836 45.2988787, 14.5273857 45.3007352, 14.5242636 45.3031726, 14.5244192 45.3068852, 14.526286 45.3098657, 14.5278733 45.3112625, 14.5297325 45.3124506, 14.5316595 45.3136821, 14.535464 45.3140692, 14.5394766 45.3149142, 14.5422827 45.3155169, 14.5456086 45.3161732, 14.5490341 45.3157004, 14.5534675 45.3173313, 14.555126088798533 45.317944131564246, 14.563904567364178 45.31618459534974)",Opatija,Viskovo,Viskovo-Opatija2
way/96722667-220,way/89817617-220,220.0,491.556,13695.21,Al/St 240/40 2-bundle 220.0,"LINESTRING (14.408781611334202 45.35480557715705, 14.416357218495047 45.354583784076446, 14.4217365 45.3534745, 14.426211 45.352525, 14.4302667 45.3516252, 14.4337104 45.3508172, 14.4397186 45.3500972, 14.4447289 45.3493847, 14.4510643 45.3483931, 14.462178 45.3468951, 14.4697359 45.3463329, 14.4732195 45.3453031, 14.4788711 45.3419629, 14.4866632 45.3379471, 14.4912619 45.3347165, 14.4940913 45.3330072, 14.4975831 45.3309691, 14.5016125 45.328744, 14.5042762 45.3270738, 14.5069047 45.3255388, 14.5096835 45.3240603, 14.5125642 45.3224084, 14.5157185 45.3202924, 14.518626 45.3186176, 14.5216515 45.3168108, 14.5252886 45.31464, 14.526989 45.3136125, 14.5284552 45.3134986, 14.5307208 45.3137554, 14.5338503 45.3143505, 14.5384097 45.3152191, 14.5421919 45.3159241, 14.545668 45.3165428, 14.5518528 45.3172219, 14.5549553 45.3182379, 14.555370631053053 45.318361619630565, 14.563904567364178 45.31618459534974)",Matulji,Viskovo,Viskovo-Matulji2
way/43337263-220,HR4-220,220.0,983.112,28831.28,Al/St 240/40 2-bundle 220.0,"LINESTRING (16.50099637767922 43.60025925825496, 16.509182971241113 43.59837839712634, 16.5113506 43.5984547, 16.5162197 43.5986028, 16.5211878 43.5988931, 16.526097 43.5990306, 16.5318322 43.5991609, 16.5357852 43.5993224, 16.5403749 43.59951, 16.5451839 43.5995612, 16.5519369 43.6003306, 16.5595078 43.6013514, 16.5641097 43.6019153, 16.5688236 43.6024382, 16.5734006 43.6029735, 16.5776253 43.6035262, 16.5818969 43.6046486, 16.586284 43.6052421, 16.5891294 43.6048029, 16.5945674 43.6055189, 16.5988579 43.6062196, 16.6030233 43.6070948, 16.6072945 43.6079008, 16.6115086 43.6087214, 16.6168837 43.6088946, 16.6222172 43.6096436, 16.6272187 43.6104181, 16.6312827 43.6122307, 16.6356677 43.6141923, 16.6403295 43.6163382, 16.6436979 43.6177941, 16.6484872 43.6199691, 16.6510189 43.6212049, 16.652993 43.6220864, 16.6577727 43.6210068, 16.6615868 43.6199933, 16.6641724 43.619368, 16.6686793 43.6182909, 16.6871383 43.6136654, 16.6918804 43.6124847, 16.6966172 43.6113195, 16.7000872 43.6104702, 16.7046531 43.6094124, 16.7090519 43.6083637, 16.7126673 43.6075286, 16.7168032 43.6069108, 16.7198076 43.6074082, 16.7274251 43.6094474, 16.7301985 43.6101233, 16.7344149 43.611273, 16.7372473 43.6120148, 16.7427512 43.6134247, 16.7469945 43.6145743, 16.7526089 43.6160445, 16.7548405 43.6166504, 16.7562567 43.6193844, 16.7574208 43.6215475, 16.758676 43.6239202, 16.7623936 43.630828, 16.7637669 43.6334954, 16.7644428 43.6348077, 16.7666315 43.6386396, 16.7680284 43.641487, 16.7687043 43.6456834, 16.769112 43.6482259, 16.7695926 43.6515584, 16.770054 43.6545587, 16.7706494 43.658467, 16.7712556 43.6622314, 16.7716257 43.6647306, 16.7720729 43.6674758, 16.7725601 43.6701642, 16.7750018 43.6737074, 16.777296838817968 43.67378060933074, 16.783384400000003 43.672951889596895)",Split,Solin,Split-Solin
way/89817617-400,way/163860997-400,400.0,1787.476,179762.95,Al/St 240/40 4-bundle 380.0,"LINESTRING (14.564190054501607 45.31636366839107, 14.570806071943665 45.320854677907285, 14.5729567 45.3210371, 14.5779962 45.3215569, 14.5827442 45.3219817, 14.5846034 45.3221862, 14.5890692 45.3225647, 14.593737 45.3230356, 14.5962026 45.3232914, 14.600585 45.3236675, 14.604088 45.3239652, 14.6073492 45.3225292, 14.6107191 45.3210268, 14.6137523 45.319638, 14.6168964 45.3182484, 14.6193329 45.3171239, 14.6210244 45.3163584, 14.6224852 45.3157204, 14.6254765 45.3144021, 14.635784 45.3097869, 14.6379093 45.3088455, 14.6403021 45.3077365, 14.6429674 45.3065636, 14.6466469 45.3049111, 14.6499014 45.3034492, 14.6532722 45.3019409, 14.656862 45.2991889, 14.6594584 45.2973445, 14.6623257 45.2952611, 14.6646602 45.2936585, 14.6678022 45.2914219, 14.6699165 45.2897608, 14.6719682 45.2888469, 14.6745183 45.2875938, 14.6770863 45.2862913, 14.6802747 45.2847864, 14.6832675 45.2831613, 14.6851961 45.2822296, 14.7085444 45.2708795, 14.7212055 45.2690906, 14.7239823 45.2687138, 14.7281794 45.268079, 14.732045 45.267504, 14.7355856 45.266977, 14.739407 45.2664081, 14.7430624 45.2658639, 14.7467182 45.2653195, 14.7503848 45.2648021, 14.754022 45.2642324, 14.7564264 45.262361, 14.7587911 45.2604959, 14.7590699 45.2602792, 14.7729959 45.2491919, 14.7772528 45.2474137, 14.7797283 45.2462989, 14.7827727 45.2450013, 14.7903734 45.2418969, 14.7938358 45.2404472, 14.7975104 45.2389329, 14.8013328 45.2373345, 14.8046158 45.2359708, 14.8078161 45.234616, 14.8118349 45.2329598, 14.8151439 45.2315069, 14.8185474 45.2300794, 14.8209828 45.2286778, 14.8235071 45.2271546, 14.8267364 45.2252769, 14.832471 45.2217403, 14.8386801 45.2181096, 14.8422611 45.2159664, 14.846279 45.2135063, 14.8494172 45.2116583, 14.8630965 45.2035136, 14.8670822 45.2009774, 14.8705423 45.193281, 14.8732555 45.1874531, 14.8755638 45.1825608, 14.876772 45.1791355, 14.8781522 45.1748082, 14.8795004 45.171305, 14.880427 45.1686577, 14.8810405 45.1670163, 14.8817791 45.1648565, 14.8839945 45.1583776, 14.8854631 45.1542999, 14.8859274 45.1527483, 14.8874831 45.1483748, 14.8889715 45.1441416, 14.8925257 45.133947, 14.8932273 45.1319957, 14.8963988 45.1286032, 14.90124 45.1233754, 14.9044614 45.1199597, 14.9090499 45.1150315, 14.9117355 45.1121469, 14.9132751 45.1105152, 14.9134542 45.110325, 14.9167464 45.1068274, 14.9180548 45.1044594, 14.9190043 45.102623, 14.9202864 45.1003379, 14.9235319 45.0943169, 14.924814 45.092003, 14.9257849 45.0902363, 14.9290358 45.0843014, 14.9317019 45.0793394, 14.9328177 45.0773885, 14.9340032 45.0751441, 14.9356555 45.0721342, 14.9365245 45.0699255, 14.9378978 45.0665157, 14.9387186 45.064661, 14.9395715 45.0623516, 14.9403815 45.0604192, 14.9411433 45.0585094, 14.9438201 45.0518094, 14.9463468 45.0457075, 14.9481331 45.0414264, 14.9489968 45.0392335, 14.950472 45.0388772, 14.957376 45.0368681, 14.9595057 45.0362901, 14.964972 45.0347055, 14.9760227 45.0326545, 14.9783348 45.0322698, 14.9807649 45.0317561, 14.9836992 45.0311646, 14.9865906 45.0306054, 14.9913486 45.0297692, 14.9956509 45.028647, 14.9978717 45.027866, 15.0019165 45.0263949, 15.0043666 45.0254723, 15.0197478 45.0199491, 15.0231274 45.0187205, 15.0276443 45.0170292, 15.0314728 45.0156362, 15.0352296 45.0142989, 15.03818 45.012031, 15.0419565 45.0090274, 15.0465914 45.0053636, 15.0492629 45.0032926, 15.0530072 45.0004175, 15.0558289 44.998187, 15.0591845 44.9955195, 15.0622711 44.9931125, 15.0654634 44.9906302, 15.069079 44.9878075, 15.0721367 44.9854021, 15.0791319 44.9814712, 15.0829192 44.9792779, 15.0858911 44.9776235, 15.0895208 44.9756134, 15.0928207 44.9737191, 15.0957092 44.9720886, 15.098385 44.9705733, 15.1089486 44.9645909, 15.1167654 44.9601637, 15.1220704 44.9592745, 15.1266396 44.9585086, 15.1318407 44.9575391, 15.144794 44.9554247, 15.1488996 44.9547624, 15.1521613 44.9541899, 15.1566884 44.9533859, 15.1601369 44.9527722, 15.1637058 44.9522277, 15.1678745 44.9498999, 15.1714672 44.9478899, 15.1753463 44.9457386, 15.1789426 44.9437122, 15.1824594 44.9417483, 15.1865506 44.9394341, 15.1903148 44.9373388, 15.1948212 44.9352684, 15.1987798 44.9333793, 15.2032421 44.9313024, 15.2070682 44.9294695, 15.2105496 44.9278555, 15.2145171 44.9259662, 15.2183122 44.9242052, 15.2220834 44.9224504, 15.2253127 44.9209197, 15.2288133 44.9192749, 15.2306718 44.9183937, 15.2356014 44.9160689, 15.2436051 44.9123345, 15.2476714 44.910416, 15.2518395 44.908486, 15.2560881 44.9065066, 15.2599827 44.9046752, 15.2639631 44.902821, 15.2677021 44.9010846, 15.2716718 44.8992226, 15.2753625 44.8973873, 15.27908 44.8955556, 15.2832965 44.8934731, 15.2870891 44.8916148, 15.2909783 44.8896956, 15.2946368 44.8878827, 15.2981881 44.8861306, 15.3019088 44.8842834, 15.3057927 44.8823715, 15.3092635 44.8806648, 15.3175998 44.8765671, 15.3244371 44.8731852, 15.3241036 44.8698651, 15.3237603 44.8663445, 15.3234223 44.8630062, 15.3232057 44.8602698, 15.3228458 44.8566171, 15.3222906 44.8504991, 15.3219902 44.8472094, 15.3216771 44.8440002, 15.3213553 44.8405998, 15.3210684 44.8375485, 15.3207742 44.8342524, 15.3237227 44.8314538, 15.3267964 44.828536, 15.329543 44.8259261, 15.3323754 44.8232399, 15.3354653 44.8203024, 15.3382977 44.8176235, 15.3413876 44.8147086, 15.3442607 44.8119733, 15.3472241 44.8091067, 15.3502496 44.8062218, 15.3531475 44.8034607, 15.3561612 44.801426, 15.3587089 44.7996623, 15.3615578 44.7977566, 15.3647443 44.7955944, 15.3682097 44.7932038, 15.3795072 44.7841884, 15.3837343 44.7808072, 15.3932964 44.7730507, 15.3979795 44.7584548, 15.3990256 44.7548055, 15.3997154 44.7526345, 15.4038965 44.739101, 15.4048385 44.7360567, 15.4059274 44.7326232, 15.4068952 44.7294064, 15.4079391 44.7259767, 15.4089905 44.7226912, 15.4107093 44.7172744, 15.4117661 44.7137483, 15.4128068 44.7103326, 15.4137509 44.7072597, 15.4169052 44.6972204, 15.4177882 44.6943875, 15.4195713 44.6908062, 15.4211109 44.6876485, 15.4227824 44.6840981, 15.4240437 44.68162, 15.4256023 44.6784805, 15.4301961 44.6692556, 15.4317582 44.6659679, 15.4334466 44.6625895, 15.4351224 44.6592749, 15.4367924 44.6559042, 15.4383937 44.6526559, 15.4384293 44.6500975, 15.4385376 44.6467982, 15.4385799 44.6434796, 15.4386292 44.6413817, 15.4386137 44.6396876, 15.4377045 44.6374813, 15.4368871 44.6244578, 15.4366668 44.6211884, 15.4372978 44.6184687, 15.4379643 44.6155746, 15.4387127 44.6123835, 15.4392539 44.6099207, 15.4393754 44.6066475, 15.4379927 44.6035462, 15.4367028 44.6004602, 15.4355873 44.5978248, 15.4341711 44.5945321, 15.4329212 44.5916575, 15.4314512 44.5882093, 15.4299441 44.5847659, 15.4285099 44.5813596, 15.4271256 44.5781578, 15.4283398 44.575962, 15.4293213 44.5741965, 15.4304373 44.5722379, 15.4322129 44.5690278, 15.4371643 44.5601074, 15.4388755 44.5569922, 15.4404795 44.5536666, 15.4421746 44.5503293, 15.4438108 44.5469959, 15.4454577 44.5436506, 15.447641 44.5390815, 15.4500228 44.5343516, 15.4525609 44.5291139, 15.4547524 44.5269031, 15.4547246 44.5252155, 15.4560996 44.5231112, 15.458359 44.5199069, 15.4604136 44.5169579, 15.462495 44.5139589, 15.4647748 44.5106653, 15.4669206 44.5075857, 15.4691203 44.5043244, 15.4712339 44.5012981, 15.4730575 44.4986827, 15.4753374 44.495415, 15.4774992 44.4922427, 15.4765658 44.4888675, 15.475788 44.4861618, 15.4749136 44.4826982, 15.4741894 44.480176, 15.4732989 44.4768613, 15.4724567 44.4739215, 15.4715769 44.4704878, 15.4707883 44.4675478, 15.4699944 44.4645539, 15.4683636 44.4583361, 15.4744847 44.4538774, 15.4777889 44.4514935, 15.4871069 44.4446998, 15.4904972 44.4422525, 15.5005984 44.4348832, 15.503801 44.4325734, 15.507025 44.4302443, 15.5102812 44.4278616, 15.5134462 44.4255553, 15.5168365 44.4233333, 15.5203448 44.421046, 15.5239712 44.418659, 15.5275546 44.4163371, 15.530902 44.4141185, 15.5635705 44.3926624, 15.589343 44.3755723, 15.6208857 44.3641787, 15.6231066 44.363404, 15.6264755 44.3620962, 15.6308421 44.3604394, 15.6357345 44.3588707, 15.6396621 44.3574573, 15.6432173 44.3560869, 15.6484803 44.3540762, 15.6524714 44.352634, 15.6573101 44.3509769, 15.661033 44.3489361, 15.6648311 44.3466191, 15.6678459 44.3448544, 15.6716009 44.3425602, 15.675753 44.3404117, 15.6793472 44.3385164, 15.6829907 44.33642, 15.6993107 44.3247273, 15.7053709 44.3201732, 15.718303 44.3100403, 15.7525601 44.3085563, 15.7566478 44.3083413, 15.7620428 44.3081381, 15.7698892 44.3078411, 15.7726803 44.3051261, 15.7806706 44.2974029, 15.7833899 44.2947644, 15.7877349 44.2905419, 15.7900241 44.2883135, 15.7933301 44.2850763, 15.7959504 44.2825295, 15.7982611 44.2802548, 15.8029241 44.2757596, 15.8033199 44.273639, 15.8037505 44.2717464, 15.8042142 44.2692558, 15.8045371 44.2676835, 15.8048931 44.2659475, 15.8053834 44.2631973, 15.8056764 44.2615369, 15.8062136 44.2588108, 15.8065762 44.2570362, 15.8070703 44.2544412, 15.8073578 44.2531478, 15.80935 44.2499728, 15.8104899 44.2481499, 15.8141736 44.2438771, 15.8169553 44.2407365, 15.8180843 44.2390143, 15.8197471 44.2364419, 15.8173523 44.2324535, 15.8159403 44.2301638, 15.8166699 44.2282017, 15.8183089 44.2239112, 15.8190742 44.2217841, 15.8206074 44.2178468, 15.8194058 44.2158899, 15.8139126 44.2151346, 15.8117561 44.2146924, 15.8085965 44.2141751, 15.8028083 44.2131831, 15.7994501 44.2128123, 15.7967733 44.2126371, 15.7932328 44.2119817, 15.7906042 44.2115759, 15.7872622 44.2110184, 15.7844351 44.2107782, 15.7812218 44.2100938, 15.7784753 44.2095649, 15.7751225 44.2091958, 15.7723224 44.2087848, 15.7689266 44.208523, 15.766357 44.2082616, 15.7635407 44.2080578, 15.761652465136876 44.20802154577003, 15.754697507990151 44.207396025652955)",Rijeka,Knin,Rijeka-Knin
way/273326173-220,HR2-220,220.0,491.556,6781.5,Al/St 240/40 2-bundle 220.0,"LINESTRING (15.032780799999996 45.01686579065087, 15.037303205773277 45.0137063113619, 15.0517379 45.0036218, 15.0546541 45.0013975, 15.0565398 44.9999265, 15.0596651 44.9974985, 15.0637876 44.995302, 15.0680018 44.9953701, 15.0713892 44.9953993, 15.076011 44.9954561, 15.0799535 44.9954897, 15.0832731 44.9955333, 15.0898577 44.9956335, 15.0952241 44.9956645, 15.0985686 44.9957021, 15.09900021756962 44.99570651646971, 15.105276725972995 44.99301484758882)",Ogulin,Gospic,Ogulin-Gospic
HR1-220,way/170366194-220,220.0,491.556,16110.39,Al/St 240/40 2-bundle 220.0,"LINESTRING (16.35844589999999 45.35731309090436, 16.36240438853214 45.360832020542745, 16.3654416 45.3618553, 16.3706416 45.3636217, 16.3761259 45.364673, 16.3791187 45.3652327, 16.3828372 45.3659399, 16.386451 45.3666233, 16.3910777 45.3675648, 16.3954296 45.3683726, 16.3963292 45.3684086, 16.3974745 45.3684544, 16.4003418 45.3699882, 16.4031364 45.3715117, 16.4058372 45.3760292, 16.4076652 45.37913, 16.4093615 45.3820074, 16.4115911 45.3848447, 16.4139406 45.387404, 16.4155588 45.3893824, 16.418184 45.3924803, 16.4214156 45.3942206, 16.4248609 45.3960915, 16.429096 45.3983481, 16.4323571 45.400136, 16.4361504 45.4021656, 16.4406846 45.4045798, 16.4434212 45.4071632, 16.4461284 45.409779, 16.4489884 45.4124867, 16.45 45.4143565, 16.4492213 45.4170435, 16.4494687 45.4191174, 16.4497453 45.4220749, 16.45008 45.4250119, 16.4503347 45.4279436, 16.4506258 45.4310334, 16.4510188 45.4344346, 16.4513679 45.4374529, 16.4475713 45.4396651, 16.4442869 45.4415156, 16.4403432 45.4438157, 16.4364488 45.4460292, 16.4325401 45.4469317, 16.4292206 45.4476941, 16.426800122368995 45.44826668364796, 16.41378481811703 45.452492401724264)",Petrinja,Sisak,Sisak-Petrinja
